type;name;role;age;season;nation;from;to;market_value;value
"Acquisto";"Duván Zapata";"Punta centrale";"27";18/19";"Colombia";"Atalanta BC";"Sampdoria";"20,00 mln ";"20,00 mln  Spesa prestito: 14,00 mln "
"Acquisto";"Davide Bettella";"Difensore centrale";"18";18/19";"Italia";"Atalanta BC";"Inter";"-";"- 7,00 mln "
"Acquisto";"Bryan Cristante";"Centrale";"23";18/19";"Italia";"Atalanta BC";"Benfica";"25,00 mln ";"25,00 mln  5,00 mln "
"Acquisto";"Marco Tumminello";"Punta centrale";"19";18/19";"Italia";"Atalanta BC";"Roma";"1,00 mln ";"1,00 mln  5,00 mln "
"Acquisto";"Marco Carraro";"Mediano";"20";18/19";"Italia";"Atalanta BC";"Inter";"800 mila ";"800 mila  5,00 mln "
"Acquisto";"Pierluigi Gollini";"Portiere";"23";18/19";"Italia";"Atalanta BC";"Aston Villa";"3,50 mln ";"3,50 mln  4,30 mln "
"Acquisto";"Arkadiusz Reca";"Terzino sinistro";"23";18/19";"Polonia";"Atalanta BC";"Wisla Plock";"250 mila ";"250 mila  4,00 mln "
"Acquisto";"Mario Pasalic";"Centrale";"23";18/19";"Croazia";"Atalanta BC";"Chelsea";"8,00 mln ";"8,00 mln  Spesa prestito: 1,00 mln "
"Acquisto";"Emiliano Rigoni";"Ala destra";"25";18/19";"Argentina";"Atalanta BC";"Zenit";"7,50 mln ";"7,50 mln  Spesa prestito: 1,00 mln "
"Acquisto";"Marco Varnier";"Difensore centrale";"20";18/19";"Italia";"Atalanta BC";"Cittadella";"2,50 mln ";"2,50 mln  Prestito"
"Acquisto";"Ali Adnan";"Terzino sinistro";"24";18/19";"Iraq";"Atalanta BC";"Udinese";"1,80 mln ";"1,80 mln  Prestito"
"Acquisto";"Matteo Salvi";"Difensore centrale";"19";18/19";"Italia";"Atalanta BC";"Pisa U19";"50 mila ";"50 mila  ?"
"Acquisto";"Stefano Mazzini";"Portiere";"19";18/19";"Italia";"Atalanta BC";"Pordenone";"75 mila ";"75 mila  Fine prestito 22/ago/2018"
"Acquisto";"Roberto Ranieri";"Centrale";"21";18/19";"Italia";"Atalanta BC";"Alessandria";"150 mila ";"150 mila  Fine prestito 30/giu/2018"
"Acquisto";"Matteo Pessina";"Centrale";"21";18/19";"Italia";"Atalanta BC";"Spezia";"2,00 mln ";"2,00 mln  Fine prestito 30/giu/2018"
"Acquisto";"Michele Messina";"Terzino destro";"22";18/19";"Italia";"Atalanta BC";"Pro Piacenza";"125 mila ";"125 mila  Fine prestito 30/giu/2018"
"Acquisto";"Salvatore Molina";"Centrocampista di destra";"26";18/19";"Italia";"Atalanta BC";"Avellino";"800 mila ";"800 mila  Fine prestito 30/giu/2018"
"Acquisto";"Alberto Almici";"Terzino destro";"25";18/19";"Italia";"Atalanta BC";"Cremonese";"700 mila ";"700 mila  Fine prestito 30/giu/2018"
"Acquisto";"Simone Mazzocchi";"Punta centrale";"19";18/19";"Italia";"Atalanta BC";"Siracusa";"250 mila ";"250 mila  Fine prestito 30/giu/2018"
"Acquisto";"Giacomo Parigi";"Punta centrale";"22";18/19";"Italia";"Atalanta BC";"V. Francavilla";"75 mila ";"75 mila  Fine prestito 30/giu/2018"
"Acquisto";"Alex Redolfi";"Difensore centrale";"24";18/19";"Italia";"Atalanta BC";"Juve Stabia";"125 mila ";"125 mila  Fine prestito 30/giu/2018"
"Acquisto";"Patrick Asmah";"Terzino sinistro";"22";18/19";"Ghana";"Atalanta BC";"Salernitana";"200 mila ";"200 mila  Fine prestito 30/giu/2018"
"Acquisto";"Alberto Dossena";"Difensore centrale";"19";18/19";"Italia";"Atalanta BC";"Siena";"350 mila ";"350 mila  Fine prestito 30/giu/2018"
"Acquisto";"Marco Sportiello";"Portiere";"26";18/19";"Italia";"Atalanta BC";"Fiorentina";"6,00 mln ";"6,00 mln  Fine prestito 30/giu/2018"
"Acquisto";"Anton Kresic";"Difensore centrale";"22";18/19";"Croazia";"Atalanta BC";"Avellino";"300 mila ";"300 mila  Fine prestito 30/giu/2018"
"Acquisto";"Guido Marilungo";"Seconda punta";"28";18/19";"Italia";"Atalanta BC";"Spezia";"700 mila ";"700 mila  Fine prestito 30/giu/2018"
"Acquisto";"Ákos Kecskés";"Difensore centrale";"22";18/19";"Ungheria";"Atalanta BC";"Korona Kielce";"300 mila ";"300 mila  Fine prestito 30/giu/2018"
"Acquisto";"Mario Pugliese";"Centrale";"22";18/19";"Italia";"Atalanta BC";"Pro Vercelli";"175 mila ";"175 mila  Fine prestito 30/giu/2018"
"Acquisto";"Nicolò Fazzi";"Centrocampista di destra";"23";18/19";"Italia";"Atalanta BC";"Cesena";"350 mila ";"350 mila  Fine prestito 30/giu/2018"
"Acquisto";"Simone Emmanuello";"Centrale";"24";18/19";"Italia";"Atalanta BC";"Cesena";"600 mila ";"600 mila  Fine prestito 30/giu/2018"
"Acquisto";"Davide Merelli";"Portiere";"22";18/19";"Italia";"Atalanta BC";"Padova";"100 mila ";"100 mila  Fine prestito 30/giu/2018"
"Acquisto";"Gaetano Monachello";"Punta centrale";"24";18/19";"Italia";"Atalanta BC";"Ascoli";"550 mila ";"550 mila  Fine prestito 30/giu/2018"
"Acquisto";"Gabriel Lunetta";"Ala sinistra";"21";18/19";"Italia";"Atalanta BC";"Renate";"175 mila ";"175 mila  Fine prestito 30/giu/2018"
"Acquisto";"Fabio Eguelfi";"Terzino sinistro";"23";18/19";"Italia";"Atalanta BC";"Cesena";"700 mila ";"700 mila  Fine prestito 30/giu/2018"
"Acquisto";"Alessandro Eleuteri";"Terzino destro";"20";18/19";"Italia";"Atalanta BC";"Monopoli";"50 mila ";"50 mila  Fine prestito 30/giu/2018"
"Acquisto";"Luca Zanotti";"Portiere";"24";18/19";"Italia";"Atalanta BC";"Juve Stabia";"150 mila ";"150 mila  Fine prestito 30/giu/2018"
"Acquisto";"Alessandro Turrin";"Portiere";"21";18/19";"Italia";"Atalanta BC";"Reggina";"125 mila ";"125 mila  Fine prestito 30/giu/2018"
"Acquisto";"Bryan Cabezas";"Ala sinistra";"21";18/19";"Ecuador";"Atalanta BC";"Avellino";"1,00 mln ";"1,00 mln  Fine prestito 30/giu/2018"
"Acquisto";"Davide Agazzi";"Centrale";"25";18/19";"Italia";"Atalanta BC";"Foggia";"500 mila ";"500 mila  Fine prestito 30/giu/2018"
"Acquisto";"Andrea Boffelli";"Difensore centrale";"21";18/19";"Italia";"Atalanta BC";"Mestre";"75 mila ";"75 mila  Fine prestito 30/giu/2018"
"Acquisto";"Doudou Mangni";"Punta centrale";"25";18/19";"Italia";"Atalanta BC";"Monopoli";"75 mila ";"75 mila  Fine prestito 30/giu/2018"
"Acquisto";"Michele Canini";"Difensore centrale";"33";18/19";"Italia";"Atalanta BC";"Cremonese";"250 mila ";"250 mila  Fine prestito 30/giu/2018"
"Acquisto";"Tommaso Tentoni";"Terzino destro";"21";18/19";"Italia";"Atalanta BC";"Carrarese";"200 mila ";"200 mila  Fine prestito 30/giu/2018"
"Acquisto";"Emanuele Suagher";"Difensore centrale";"25";18/19";"Italia";"Atalanta BC";"Cesena";"400 mila ";"400 mila  Fine prestito 30/giu/2018"
"Acquisto";"Alberto Paloschi";"Punta centrale";"28";18/19";"Italia";"Atalanta BC";"SPAL";"3,50 mln ";"3,50 mln  Fine prestito 30/giu/2018"
"Acquisto";"Marco D'Alessandro";"Ala destra";"27";18/19";"Italia";"Atalanta BC";"Benevento";"2,50 mln ";"2,50 mln  Fine prestito 30/giu/2018"
"Acquisto";"Mirco Miori";"Portiere";"22";18/19";"Italia";"Atalanta BC";"Triestina";"200 mila ";"200 mila  Fine prestito 30/giu/2018"
"Acquisto";"Janis Cavagna";"Mediano";"23";18/19";"Italia";"Atalanta BC";"Pro Piacenza";"100 mila ";"100 mila  Fine prestito 30/giu/2018"
"Acquisto";"Modou Badjie";"Centrale";"21";18/19";"Gambia";"Atalanta BC";"Catanzaro";"50 mila ";"50 mila  Fine prestito 30/giu/2018"
"Acquisto";"Berat Djimsiti";"Difensore centrale";"25";18/19";"Albania";"Atalanta BC";"Benevento";"1,00 mln ";"1,00 mln  Fine prestito 30/giu/2018"
"Acquisto";"Stefano Cason";"Difensore centrale";"22";18/19";"Italia";"Atalanta BC";"Catanzaro";"75 mila ";"75 mila  Fine prestito 30/giu/2018"
"Acquisto";"Antonio Palma";"Centrale";"24";18/19";"Italia";"Atalanta BC";"Renate";"375 mila ";"375 mila  Fine prestito 30/giu/2018"
"Acquisto";"Valerio Nava";"Terzino destro";"24";18/19";"Italia";"Atalanta BC";"Juve Stabia";"175 mila ";"175 mila  Fine prestito 30/giu/2018"
"Acquisto";"Boris Radunović";"Portiere";"22";18/19";"Serbia";"Atalanta BC";"Salernitana";"1,00 mln ";"1,00 mln  Fine prestito 30/giu/2018"
"Acquisto";"Federico Mattiello";"Terzino destro";"22";18/19";"Italia";"Atalanta BC";"SPAL";"2,50 mln ";"2,50 mln  Fine prestito 30/giu/2018"
"Acquisto";"Alessandro Santopadre";"Portiere";"19";18/19";"Italia";"Atalanta BC";"Perugia";"75 mila ";"75 mila  Fine prestito 30/giu/2018"
"Acquisto";"Luca Valzania";"Centrale";"22";18/19";"Italia";"Atalanta BC";"Pescara";"1,40 mln ";"1,40 mln  Fine prestito 30/giu/2018"
"Acquisto";"Constantin Nica";"Terzino destro";"25";18/19";"Romania";"Atalanta BC";"Dinamo Bucarest";"100 mila ";"100 mila  Fine prestito 30/giu/2018"
"Acquisto";"Christian Mora";"Terzino destro";"20";18/19";"Italia";"Atalanta BC";"Piacenza";"150 mila ";"150 mila  Fine prestito 30/giu/2018"
"Acquisto";"Riccardo Gatti";"Difensore centrale";"21";18/19";"Italia";"Atalanta BC";"Reggina";"100 mila ";"100 mila  Fine prestito 30/giu/2018"
"Acquisto";"Giuseppe De Luca";"Punta centrale";"26";18/19";"Italia";"Atalanta BC";"Virtus Entella";"900 mila ";"900 mila  Fine prestito 30/giu/2018"
"Acquisto";"Jasmin Kurtic";"Trequartista";"29";18/19";"Slovenia";"Atalanta BC";"SPAL";"5,00 mln ";"5,00 mln  Fine prestito 30/giu/2018"
"Acquisto";"Nicolas La Vigna";"Mediano";"21";18/19";"Italia";"Atalanta BC";"Pro Piacenza";"150 mila ";"150 mila  Fine prestito 30/giu/2018"
"Acquisto";"Tiziano Tulissi";"Ala destra";"20";18/19";"Italia";"Atalanta BC";"Reggina";"225 mila ";"225 mila  Fine prestito 30/giu/2018"
"Acquisto";"Luca Vido";"Punta centrale";"21";18/19";"Italia";"Atalanta BC";"Cittadella";"700 mila ";"700 mila  Fine prestito 30/giu/2018"
"Cessione";"Bryan Cristante";"Centrale";"23";18/19";"Italia";"Atalanta BC";"Roma";"25,00 mln ";"25,00 mln  Spesa prestito: 5,00 mln "
"Cessione";"Jasmin Kurtic";"Trequartista";"29";18/19";"Slovenia";"Atalanta BC";"SPAL";"5,00 mln ";"5,00 mln  4,80 mln "
"Cessione";"Alberto Paloschi";"Punta centrale";"28";18/19";"Italia";"Atalanta BC";"SPAL";"3,50 mln ";"3,50 mln  4,00 mln "
"Cessione";"Andrea Petagna";"Punta centrale";"23";18/19";"Italia";"Atalanta BC";"SPAL";"9,00 mln ";"9,00 mln  Spesa prestito: 3,00 mln "
"Cessione";"Janis Cavagna";"Mediano";"23";18/19";"Italia";"Atalanta BC";"Reggio Audace";"100 mila ";"100 mila  gratuito"
"Cessione";"Antonio Palma";"Centrale";"24";18/19";"Italia";"Atalanta BC";"Giana Erminio";"375 mila ";"375 mila  gratuito"
"Cessione";"Giuseppe De Luca";"Punta centrale";"26";18/19";"Italia";"Atalanta BC";"Virtus Entella";"900 mila ";"900 mila  gratuito"
"Cessione";"Michele Canini";"Difensore centrale";"33";18/19";"Italia";"Atalanta BC";"Feralpisalò";"250 mila ";"250 mila  gratuito"
"Cessione";"Michele Messina";"Terzino destro";"22";18/19";"Italia";"Atalanta BC";"Viterbese";"125 mila ";"125 mila  ?"
"Cessione";"Giacomo Parigi";"Punta centrale";"22";18/19";"Italia";"Atalanta BC";"Paganese";"75 mila ";"75 mila  Prestito"
"Cessione";"Isnik Alimi";"Centrale";"24";18/19";"Albania";"Atalanta BC";"Rimini";"100 mila ";"100 mila  Prestito"
"Cessione";"Marco Carraro";"Mediano";"20";18/19";"Italia";"Atalanta BC";"Foggia";"800 mila ";"800 mila  Prestito"
"Cessione";"Simone Emmanuello";"Centrale";"24";18/19";"Italia";"Atalanta BC";"Juventus U23";"600 mila ";"600 mila  ?"
"Cessione";"Alessandro Eleuteri";"Terzino destro";"20";18/19";"Italia";"Atalanta BC";"Ravenna";"50 mila ";"50 mila  Prestito"
"Cessione";"Alberto Dossena";"Difensore centrale";"19";18/19";"Italia";"Atalanta BC";"Pistoiese";"350 mila ";"350 mila  Prestito"
"Cessione";"Nicolò Fazzi";"Centrocampista di destra";"23";18/19";"Italia";"Atalanta BC";"Livorno";"350 mila ";"350 mila  Prestito"
"Cessione";"Ákos Kecskés";"Difensore centrale";"22";18/19";"Ungheria";"Atalanta BC";"FC Lugano";"300 mila ";"300 mila  ?"
"Cessione";"Davide Merelli";"Portiere";"22";18/19";"Italia";"Atalanta BC";"Padova";"100 mila ";"100 mila  ?"
"Cessione";"Alex Redolfi";"Difensore centrale";"24";18/19";"Italia";"Atalanta BC";"Reggina";"125 mila ";"125 mila  ?"
"Cessione";"Alessandro Turrin";"Portiere";"21";18/19";"Italia";"Atalanta BC";"V. Francavilla";"125 mila ";"125 mila  Prestito"
"Cessione";"Fabio Eguelfi";"Terzino sinistro";"23";18/19";"Italia";"Atalanta BC";"Verona";"700 mila ";"700 mila  Prestito"
"Cessione";"Mario Pugliese";"Centrale";"22";18/19";"Italia";"Atalanta BC";"Carrarese";"175 mila ";"175 mila  Prestito"
"Cessione";"Andreas Cornelius";"Punta centrale";"25";18/19";"Danimarca";"Atalanta BC";"G. Bordeaux";"3,00 mln ";"3,00 mln  Prestito"
"Cessione";"Stefano Cason";"Difensore centrale";"22";18/19";"Italia";"Atalanta BC";"V. Francavilla";"75 mila ";"75 mila  ?"
"Cessione";"Tiziano Tulissi";"Ala destra";"20";18/19";"Italia";"Atalanta BC";"Reggina";"225 mila ";"225 mila  Prestito"
"Cessione";"Emanuele Suagher";"Difensore centrale";"25";18/19";"Italia";"Atalanta BC";"Carpi";"400 mila ";"400 mila  Prestito"
"Cessione";"Andrea Boffelli";"Difensore centrale";"21";18/19";"Italia";"Atalanta BC";"Pro Patria";"75 mila ";"75 mila  Prestito"
"Cessione";"Tommaso Tentoni";"Terzino destro";"21";18/19";"Italia";"Atalanta BC";"Alessandria";"200 mila ";"200 mila  Prestito"
"Cessione";"Filippo Melegoni";"Mediano";"19";18/19";"Italia";"Atalanta BC";"Pescara";"1,00 mln ";"1,00 mln  Prestito"
"Cessione";"Anton Kresic";"Difensore centrale";"22";18/19";"Croazia";"Atalanta BC";"Cremonese";"300 mila ";"300 mila  Prestito"
"Cessione";"Roberto Ranieri";"Centrale";"21";18/19";"Italia";"Atalanta BC";"Teramo";"150 mila ";"150 mila  Prestito"
"Cessione";"Marco D'Alessandro";"Ala destra";"27";18/19";"Italia";"Atalanta BC";"Udinese";"2,50 mln ";"2,50 mln  Prestito"
"Cessione";"Bryan Cabezas";"Ala sinistra";"21";18/19";"Ecuador";"Atalanta BC";"Fluminense";"1,00 mln ";"1,00 mln  Prestito"
"Cessione";"Modou Badjie";"Centrale";"21";18/19";"Gambia";"Atalanta BC";"Rimini";"50 mila ";"50 mila  Prestito"
"Cessione";"Simone Mazzocchi";"Punta centrale";"19";18/19";"Italia";"Atalanta BC";"Südtirol";"250 mila ";"250 mila  Prestito"
"Cessione";"Boris Radunović";"Portiere";"22";18/19";"Serbia";"Atalanta BC";"Cremonese";"1,00 mln ";"1,00 mln  Prestito"
"Cessione";"Stefano Mazzini";"Portiere";"19";18/19";"Italia";"Atalanta BC";"Carrarese";"75 mila ";"75 mila  Prestito"
"Cessione";"João Schmidt";"Centrale";"25";18/19";"Brasile";"Atalanta BC";"Rio Ave FC";"700 mila ";"700 mila  Prestito"
"Cessione";"Riccardo Gatti";"Difensore centrale";"21";18/19";"Italia";"Atalanta BC";"Monopoli";"100 mila ";"100 mila  Prestito"
"Cessione";"Patrick Asmah";"Terzino sinistro";"22";18/19";"Ghana";"Atalanta BC";"FK Senica";"200 mila ";"200 mila  Prestito"
"Cessione";"Christian Mora";"Terzino destro";"20";18/19";"Italia";"Atalanta BC";"Pro Patria";"150 mila ";"150 mila  Prestito"
"Cessione";"Nicolas La Vigna";"Mediano";"21";18/19";"Italia";"Atalanta BC";"Pontedera";"150 mila ";"150 mila  Prestito"
"Cessione";"Salvatore Molina";"Centrocampista di destra";"26";18/19";"Italia";"Atalanta BC";"Crotone";"800 mila ";"800 mila  ?"
"Cessione";"Doudou Mangni";"Punta centrale";"25";18/19";"Italia";"Atalanta BC";"Monopoli";"75 mila ";"75 mila  ?"
"Cessione";"Federico Mattiello";"Terzino destro";"23";18/19";"Italia";"Atalanta BC";"Bologna";"2,50 mln ";"2,50 mln  Prestito"
"Cessione";"Luca Milesi";"Difensore centrale";"25";18/19";"Italia";"Atalanta BC";"Pro Vercelli";"200 mila ";"200 mila  ?"
"Cessione";"Davide Agazzi";"Centrale";"25";18/19";"Italia";"Atalanta BC";"Livorno";"500 mila ";"500 mila  Prestito"
"Cessione";"Nicolas Haas";"Centrale";"22";18/19";"Svizzera";"Atalanta BC";"Palermo";"1,50 mln ";"1,50 mln  Prestito"
"Cessione";"Alberto Almici";"Terzino destro";"25";18/19";"Italia";"Atalanta BC";"Verona";"700 mila ";"700 mila  Prestito"
"Cessione";"Alessandro Santopadre";"Portiere";"19";18/19";"Italia";"Atalanta BC";"Paganese";"75 mila ";"75 mila  Prestito"
"Cessione";"Luca Vido";"Punta centrale";"21";18/19";"Italia";"Atalanta BC";"Perugia";"700 mila ";"700 mila  Prestito"
"Cessione";"Gabriel Lunetta";"Ala sinistra";"22";18/19";"Italia";"Atalanta BC";"Giana Erminio";"175 mila ";"175 mila  Prestito"
"Cessione";"Marco Sportiello";"Portiere";"26";18/19";"Italia";"Atalanta BC";"Frosinone";"6,00 mln ";"6,00 mln  Prestito"
"Cessione";"Gaetano Monachello";"Punta centrale";"24";18/19";"Italia";"Atalanta BC";"Pescara";"550 mila ";"550 mila  Prestito"
"Cessione";"Valerio Nava";"Terzino destro";"24";18/19";"Italia";"Atalanta BC";"Pro Piacenza";"175 mila ";"175 mila  ?"
"Cessione";"Guido Marilungo";"Seconda punta";"29";18/19";"Italia";"Atalanta BC";"-";"700 mila ";"700 mila  -"
"Cessione";"Constantin Nica";"Terzino destro";"25";18/19";"Romania";"Atalanta BC";"-";"100 mila ";"100 mila  -"
"Cessione";"Pierluigi Gollini";"Portiere";"23";18/19";"Italia";"Atalanta BC";"Aston Villa";"3,50 mln ";"3,50 mln  Fine prestito 30/giu/2018"
"Cessione";"Luca Rizzo";"Centrale";"26";18/19";"Italia";"Atalanta BC";"Bologna";"2,00 mln ";"2,00 mln  Fine prestito 30/giu/2018"
"Cessione";"Mattia Caldara";"Difensore centrale";"24";18/19";"Italia";"Atalanta BC";"Juventus";"25,00 mln ";"25,00 mln  Fine prestito 30/giu/2018"
"Cessione";"Alessandro Bastoni";"Difensore centrale";"19";18/19";"Italia";"Atalanta BC";"Inter";"2,50 mln ";"2,50 mln  Fine prestito 30/giu/2018"
"Cessione";"Leonardo Spinazzola";"Terzino sinistro";"25";18/19";"Italia";"Atalanta BC";"Juventus";"12,00 mln ";"12,00 mln  Fine prestito 30/giu/2018"
"Cessione";"Bryan Cristante";"Centrale";"23";18/19";"Italia";"Atalanta BC";"Benfica";"25,00 mln ";"25,00 mln  Fine prestito 30/giu/2018"
"Acquisto";"Diego Falcinelli";"Punta centrale";"27";18/19";"Italia";"Bologna FC 1909";"Sassuolo";"3,80 mln ";"3,80 mln  10,00 mln "
"Acquisto";"Lukasz Skorupski";"Portiere";"27";18/19";"Polonia";"Bologna FC 1909";"Roma";"7,00 mln ";"7,00 mln  9,00 mln "
"Acquisto";"Federico Santander";"Punta centrale";"27";18/19";"Paraguay";"Bologna FC 1909";"FC Copenhagen";"2,00 mln ";"2,00 mln  6,00 mln "
"Acquisto";"Mattias Svanberg";"Mediano";"19";18/19";"Svezia";"Bologna FC 1909";"Malmö FF";"750 mila ";"750 mila  4,50 mln "
"Acquisto";"Felipe Avenatti";"Punta centrale";"25";18/19";"Uruguay";"Bologna FC 1909";"Luqueño";"1,20 mln ";"1,20 mln  3,50 mln "
"Acquisto";"Arturo Calabresi";"Difensore centrale";"22";18/19";"Italia";"Bologna FC 1909";"Roma";"700 mila ";"700 mila  200 mila "
"Acquisto";"Mitchell Dijks";"Terzino sinistro";"25";18/19";"Olanda";"Bologna FC 1909";"AFC Ajax";"1,50 mln ";"1,50 mln  gratuito"
"Acquisto";"Federico Mattiello";"Terzino destro";"23";18/19";"Italia";"Bologna FC 1909";"Atalanta";"2,50 mln ";"2,50 mln  Prestito"
"Acquisto";"Danilo";"Difensore centrale";"34";18/19";"Brasile";"Bologna FC 1909";"Udinese";"1,00 mln ";"1,00 mln  Prestito"
"Acquisto";"Mouhamadou Sarr";"Portiere";"21";18/19";"Senegal";"Bologna FC 1909";"Carrarese";"75 mila ";"75 mila  Fine prestito 19/ago/2018"
"Acquisto";"Kingsley Michael";"Centrale";"18";18/19";"Nigeria";"Bologna FC 1909";"Bologna U19";"50 mila ";"50 mila  -"
"Acquisto";"Fabrizio Brignani";"Difensore centrale";"20";18/19";"Italia";"Bologna FC 1909";"Bologna U19";"75 mila ";"75 mila  -"
"Acquisto";"Lorenzo Musto";"Punta centrale";"22";18/19";"Italia";"Bologna FC 1909";"Arzachena";"75 mila ";"75 mila  Fine prestito 30/giu/2018"
"Acquisto";"Lorenzo Colli";"Trequartista";"21";18/19";"Italia";"Bologna FC 1909";"Prato";"75 mila ";"75 mila  Fine prestito 30/giu/2018"
"Acquisto";"Nehuén Paz";"Difensore centrale";"25";18/19";"Argentina";"Bologna FC 1909";"Lanús";"700 mila ";"700 mila  Fine prestito 30/giu/2018"
"Acquisto";"Filippo Perucchini";"Portiere";"26";18/19";"Italia";"Bologna FC 1909";"Lecce";"400 mila ";"400 mila  Fine prestito 30/giu/2018"
"Acquisto";"Andrea Vassallo";"Ala sinistra";"20";18/19";"Italia";"Bologna FC 1909";"Carrarese";"200 mila ";"200 mila  Fine prestito 30/giu/2018"
"Acquisto";"Marios Oikonomou";"Difensore centrale";"25";18/19";"Grecia";"Bologna FC 1909";"Bari";"1,00 mln ";"1,00 mln  Fine prestito 30/giu/2018"
"Acquisto";"Deian Boldor";"Difensore centrale";"23";18/19";"Romania";"Bologna FC 1909";"Verona";"200 mila ";"200 mila  Fine prestito 30/giu/2018"
"Acquisto";"Orji Okwonkwo";"Ala sinistra";"20";18/19";"Nigeria";"Bologna FC 1909";"Brescia";"1,00 mln ";"1,00 mln  Fine prestito 30/giu/2018"
"Acquisto";"Alex Ferrari";"Difensore centrale";"23";18/19";"Italia";"Bologna FC 1909";"Verona";"1,50 mln ";"1,50 mln  Fine prestito 30/giu/2018"
"Acquisto";"Vincenzo Silvestro";"Centrale";"19";18/19";"Italia";"Bologna FC 1909";"Pordenone";"50 mila ";"50 mila  Fine prestito 30/giu/2018"
"Acquisto";"Bruno Petkovic";"Punta centrale";"23";18/19";"Croazia";"Bologna FC 1909";"Verona";"1,00 mln ";"1,00 mln  Fine prestito 30/giu/2018"
"Acquisto";"Filippo Falco";"Trequartista";"26";18/19";"Italia";"Bologna FC 1909";"Pescara";"1,50 mln ";"1,50 mln  Fine prestito 30/giu/2018"
"Acquisto";"Bálint Vécsei";"Trequartista";"24";18/19";"Ungheria";"Bologna FC 1909";"FC Lugano";"200 mila ";"200 mila  Fine prestito 30/giu/2018"
"Acquisto";"Giordano Trovade";"Centrale";"20";18/19";"Italia";"Bologna FC 1909";"Mosta FC";"75 mila ";"75 mila  Fine prestito 30/giu/2018"
"Acquisto";"Mouhamadou Sarr";"Portiere";"21";18/19";"Senegal";"Bologna FC 1909";"Prato";"75 mila ";"75 mila  Fine prestito 30/giu/2018"
"Acquisto";"Emanuele Monari";"Portiere";"20";18/19";"Italia";"Bologna FC 1909";"Sasso Marconi";"50 mila ";"50 mila  Fine prestito 30/giu/2018"
"Acquisto";"Luca Rizzo";"Centrale";"26";18/19";"Italia";"Bologna FC 1909";"Atalanta";"2,00 mln ";"2,00 mln  Fine prestito 30/giu/2018"
"Cessione";"Simone Verdi";"Ala destra";"25";18/19";"Italia";"Bologna FC 1909";"Napoli";"25,00 mln ";"25,00 mln  25,00 mln "
"Cessione";"Federico Di Francesco";"Ala sinistra";"24";18/19";"Italia";"Bologna FC 1909";"Sassuolo";"3,50 mln ";"3,50 mln  10,00 mln "
"Cessione";"Adam Masina";"Terzino sinistro";"24";18/19";"Italia";"Bologna FC 1909";"Watford";"7,00 mln ";"7,00 mln  5,00 mln "
"Cessione";"Antonio Mirante";"Portiere";"34";18/19";"Italia";"Bologna FC 1909";"Roma";"1,00 mln ";"1,00 mln  4,00 mln "
"Cessione";"Deian Boldor";"Difensore centrale";"23";18/19";"Romania";"Bologna FC 1909";"Verona";"200 mila ";"200 mila  100 mila "
"Cessione";"Emanuele Monari";"Portiere";"20";18/19";"Italia";"Bologna FC 1909";"Sasso Marconi";"50 mila ";"50 mila  gratuito"
"Cessione";"Marios Oikonomou";"Difensore centrale";"25";18/19";"Grecia";"Bologna FC 1909";"AEK Atene";"1,00 mln ";"1,00 mln  Prestito"
"Cessione";"Vincenzo Silvestro";"Centrale";"19";18/19";"Italia";"Bologna FC 1909";"Mantova";"50 mila ";"50 mila  gratuito"
"Cessione";"Filippo Falco";"Trequartista";"26";18/19";"Italia";"Bologna FC 1909";"Lecce";"1,50 mln ";"1,50 mln  gratuito"
"Cessione";"Vasilios Torosidis";"Terzino destro";"33";18/19";"Grecia";"Bologna FC 1909";"Olympiacos";"700 mila ";"700 mila  gratuito"
"Cessione";"Emil Krafth";"Terzino destro";"24";18/19";"Svezia";"Bologna FC 1909";"SC Amiens";"1,50 mln ";"1,50 mln  Prestito"
"Cessione";"Kingsley Michael";"Centrale";"18";18/19";"Nigeria";"Bologna FC 1909";"Perugia";"50 mila ";"50 mila  Prestito"
"Cessione";"Felipe Avenatti";"Punta centrale";"25";18/19";"Uruguay";"Bologna FC 1909";"KV Kortrijk";"1,20 mln ";"1,20 mln  Prestito"
"Cessione";"Andrea Vassallo";"Ala sinistra";"20";18/19";"Italia";"Bologna FC 1909";"Catania";"200 mila ";"200 mila  Prestito"
"Cessione";"Fabrizio Brignani";"Difensore centrale";"20";18/19";"Italia";"Bologna FC 1909";"Pisa";"75 mila ";"75 mila  Prestito"
"Cessione";"César Falletti";"Trequartista";"25";18/19";"Uruguay";"Bologna FC 1909";"Palermo";"1,50 mln ";"1,50 mln  Prestito"
"Cessione";"Mouhamadou Sarr";"Portiere";"21";18/19";"Senegal";"Bologna FC 1909";"Carrarese";"75 mila ";"75 mila  Prestito"
"Cessione";"Mouhamadou Sarr";"Portiere";"21";18/19";"Senegal";"Bologna FC 1909";"Fano";"75 mila ";"75 mila  Prestito"
"Cessione";"Federico Ravaglia";"Portiere";"18";18/19";"Italia";"Bologna FC 1909";"Südtirol";"100 mila ";"100 mila  Prestito"
"Cessione";"Alex Ferrari";"Difensore centrale";"24";18/19";"Italia";"Bologna FC 1909";"Sampdoria";"1,50 mln ";"1,50 mln  Prestito"
"Cessione";"Bruno Petkovic";"Punta centrale";"23";18/19";"Croazia";"Bologna FC 1909";"Dinamo Zagabria";"1,00 mln ";"1,00 mln  Prestito"
"Cessione";"Filippo Perucchini";"Portiere";"26";18/19";"Italia";"Bologna FC 1909";"Ascoli";"400 mila ";"400 mila  ?"
"Cessione";"Giordano Trovade";"Centrale";"20";18/19";"Italia";"Bologna FC 1909";"Ravenna";"75 mila ";"75 mila  Prestito"
"Cessione";"Luca Rizzo";"Centrale";"26";18/19";"Italia";"Bologna FC 1909";"Foggia";"2,00 mln ";"2,00 mln  Prestito"
"Cessione";"Lorenzo Crisetig";"Mediano";"25";18/19";"Italia";"Bologna FC 1909";"Frosinone";"1,70 mln ";"1,70 mln  Prestito"
"Cessione";"Bálint Vécsei";"Trequartista";"24";18/19";"Ungheria";"Bologna FC 1909";"FC Lugano";"200 mila ";"200 mila  ?"
"Cessione";"Felipe Avenatti";"Punta centrale";"25";18/19";"Uruguay";"Bologna FC 1909";"Luqueño";"1,20 mln ";"1,20 mln  Fine prestito 30/giu/2018"
"Cessione";"Simone Romagnoli";"Difensore centrale";"28";18/19";"Italia";"Bologna FC 1909";"Empoli";"1,50 mln ";"1,50 mln  Fine prestito 30/giu/2018"
"Cessione";"Cheick Keita";"Terzino sinistro";"22";18/19";"Mali";"Bologna FC 1909";"Birmingham";"1,00 mln ";"1,00 mln  Fine prestito 30/giu/2018"
"Acquisto";"Leonardo Pavoletti";"Punta centrale";"29";18/19";"Italia";"Cagliari Calcio";"Napoli";"9,00 mln ";"9,00 mln  10,00 mln "
"Acquisto";"Lucas Castro";"Centrale";"29";18/19";"Argentina";"Cagliari Calcio";"Chievo";"7,00 mln ";"7,00 mln  6,50 mln "
"Acquisto";"Filip Bradaric";"Mediano";"27";18/19";"Croazia";"Cagliari Calcio";"HNK Rijeka";"3,50 mln ";"3,50 mln  5,00 mln "
"Acquisto";"Ragnar Klavan";"Difensore centrale";"32";18/19";"Estonia";"Cagliari Calcio";"FC Liverpool";"3,50 mln ";"3,50 mln  1,30 mln "
"Acquisto";"Alberto Cerri";"Punta centrale";"22";18/19";"Italia";"Cagliari Calcio";"Juventus";"7,50 mln ";"7,50 mln  Spesa prestito: 1,00 mln "
"Acquisto";"Darijo Srna";"Terzino destro";"36";18/19";"Croazia";"Cagliari Calcio";"Shakhtar D.";"1,00 mln ";"1,00 mln  gratuito"
"Acquisto";"Simone Aresti";"Portiere";"32";18/19";"Italia";"Cagliari Calcio";"Olbia";"225 mila ";"225 mila  ?"
"Acquisto";"Filip Bradaric";"Mediano";"26";18/19";"Croazia";"Cagliari Calcio";"HNK Rijeka";"3,50 mln ";"3,50 mln  Prestito"
"Acquisto";"Jherson Vergara";"Difensore centrale";"24";18/19";"Colombia";"Cagliari Calcio";"Milan";"400 mila ";"400 mila  ?"
"Acquisto";"Alessio Murgia";"Centrale";"21";18/19";"Italia";"Cagliari Calcio";"Olbia";"150 mila ";"150 mila  Fine prestito 30/giu/2018"
"Acquisto";"Nicola Manca";"Terzino sinistro";"20";18/19";"Italia";"Cagliari Calcio";"Olbia";"50 mila ";"50 mila  Fine prestito 30/giu/2018"
"Acquisto";"Nicholas Pennington";"Trequartista";"19";18/19";"Italia";"Cagliari Calcio";"Olbia";"175 mila ";"175 mila  Fine prestito 30/giu/2018"
"Acquisto";"Illia Briukhov";"Difensore centrale";"19";18/19";"Ucraina";"Cagliari Calcio";"Potenza";"25 mila ";"25 mila  Fine prestito 30/giu/2018"
"Acquisto";"Federico Serra";"Ala sinistra";"20";18/19";"Italia";"Cagliari Calcio";"Racing Fondi";"75 mila ";"75 mila  Fine prestito 30/giu/2018"
"Acquisto";"Marco Capuano";"Difensore centrale";"26";18/19";"Italia";"Cagliari Calcio";"Crotone";"1,00 mln ";"1,00 mln  Fine prestito 30/giu/2018"
"Acquisto";"Gabriel Montaperto";"Portiere";"20";18/19";"Italia";"Cagliari Calcio";"Racing Fondi";"50 mila ";"50 mila  Fine prestito 30/giu/2018"
"Acquisto";"Santiago Colombatto";"Mediano";"21";18/19";"Argentina";"Cagliari Calcio";"Perugia";"1,30 mln ";"1,30 mln  Fine prestito 30/giu/2018"
"Acquisto";"Federico Melchiorri";"Punta centrale";"31";18/19";"Italia";"Cagliari Calcio";"Carpi";"1,20 mln ";"1,20 mln  Fine prestito 30/giu/2018"
"Acquisto";"Luka Krajnc";"Difensore centrale";"23";18/19";"Slovenia";"Cagliari Calcio";"Frosinone";"1,50 mln ";"1,50 mln  Fine prestito 30/giu/2018"
"Acquisto";"Marko Pajac";"Terzino sinistro";"25";18/19";"Croazia";"Cagliari Calcio";"Perugia";"600 mila ";"600 mila  Fine prestito 30/giu/2018"
"Acquisto";"Bartosz Salamon";"Difensore centrale";"27";18/19";"Polonia";"Cagliari Calcio";"SPAL";"1,40 mln ";"1,40 mln  Fine prestito 30/giu/2018"
"Cessione";"Bartosz Salamon";"Difensore centrale";"27";18/19";"Polonia";"Cagliari Calcio";"SPAL";"1,40 mln ";"1,40 mln  2,00 mln "
"Cessione";"Luka Krajnc";"Difensore centrale";"23";18/19";"Slovenia";"Cagliari Calcio";"Frosinone";"1,50 mln ";"1,50 mln  1,00 mln "
"Cessione";"Federico Melchiorri";"Punta centrale";"31";18/19";"Italia";"Cagliari Calcio";"Perugia";"1,20 mln ";"1,20 mln  800 mila "
"Cessione";"Marco Capuano";"Difensore centrale";"26";18/19";"Italia";"Cagliari Calcio";"Frosinone";"1,00 mln ";"1,00 mln  500 mila "
"Cessione";"Gabriel Montaperto";"Portiere";"20";18/19";"Italia";"Cagliari Calcio";"Fanfulla";"50 mila ";"50 mila  gratuito"
"Cessione";"Nicola Manca";"Terzino sinistro";"20";18/19";"Italia";"Cagliari Calcio";"Castiadas";"50 mila ";"50 mila  gratuito"
"Cessione";"Illia Briukhov";"Difensore centrale";"19";18/19";"Ucraina";"Cagliari Calcio";"Torres";"25 mila ";"25 mila  gratuito"
"Cessione";"Federico Serra";"Ala sinistra";"20";18/19";"Italia";"Cagliari Calcio";"Sandonà";"75 mila ";"75 mila  gratuito"
"Cessione";"Kwang-Song Han";"Punta centrale";"19";18/19";"Corea del Nord";"Cagliari Calcio";"Perugia";"5,00 mln ";"5,00 mln  Prestito"
"Cessione";"Damir Ceter";"Punta centrale";"20";18/19";"Colombia";"Cagliari Calcio";"Olbia";"1,00 mln ";"1,00 mln  Prestito"
"Cessione";"Nicholas Pennington";"Trequartista";"19";18/19";"Italia";"Cagliari Calcio";"Olbia";"175 mila ";"175 mila  ?"
"Cessione";"Santiago Colombatto";"Mediano";"21";18/19";"Argentina";"Cagliari Calcio";"Verona";"1,30 mln ";"1,30 mln  Prestito"
"Cessione";"Senna Miangue";"Terzino sinistro";"21";18/19";"Belgio";"Cagliari Calcio";"Standard Liegi";"1,50 mln ";"1,50 mln  Prestito"
"Cessione";"Alessandro Deiola";"Centrale";"23";18/19";"Italia";"Cagliari Calcio";"Parma";"1,30 mln ";"1,30 mln  Prestito"
"Cessione";"Niccolò Giannetti";"Punta centrale";"27";18/19";"Italia";"Cagliari Calcio";"Livorno";"1,00 mln ";"1,00 mln  Prestito"
"Cessione";"Fabrizio Caligara";"Centrale";"18";18/19";"Italia";"Cagliari Calcio";"Olbia";"1,00 mln ";"1,00 mln  Prestito"
"Cessione";"Jherson Vergara";"Difensore centrale";"24";18/19";"Colombia";"Cagliari Calcio";"Olbia";"400 mila ";"400 mila  Prestito"
"Cessione";"Luca Crosta";"Portiere";"20";18/19";"Italia";"Cagliari Calcio";"Olbia";"200 mila ";"200 mila  Prestito"
"Cessione";"Alessio Murgia";"Centrale";"21";18/19";"Italia";"Cagliari Calcio";"-";"150 mila ";"150 mila  -"
"Cessione";"Andrea Cossu";"Trequartista";"38";18/19";"Italia";"Cagliari Calcio";"-";"100 mila ";"100 mila  -"
"Cessione";"Filip Bradaric";"Mediano";"27";18/19";"Croazia";"Cagliari Calcio";"HNK Rijeka";"3,50 mln ";"3,50 mln  Fine prestito 18/gen/2019"
"Cessione";"Leonardo Pavoletti";"Punta centrale";"29";18/19";"Italia";"Cagliari Calcio";"Napoli";"9,00 mln ";"9,00 mln  Fine prestito 30/giu/2018"
"Cessione";"Leandro Castán";"Difensore centrale";"31";18/19";"Brasile";"Cagliari Calcio";"Roma";"2,00 mln ";"2,00 mln  Fine prestito 30/giu/2018"
"Acquisto";"Federico Barba";"Difensore centrale";"24";18/19";"Italia";"AC Chievo Verona";"Sporting Gijón";"1,50 mln ";"1,50 mln  3,00 mln "
"Acquisto";"Nenad Tomović";"Difensore centrale";"30";18/19";"Serbia";"AC Chievo Verona";"Fiorentina";"1,50 mln ";"1,50 mln  2,50 mln "
"Acquisto";"Mariusz Stepinski";"Punta centrale";"23";18/19";"Polonia";"AC Chievo Verona";"FC Nantes";"4,00 mln ";"4,00 mln  2,50 mln "
"Acquisto";"Joel Obi";"Centrale";"27";18/19";"Nigeria";"AC Chievo Verona";"Torino";"5,00 mln ";"5,00 mln  2,00 mln "
"Acquisto";"Strahinja Tanasijevic";"Difensore centrale";"21";18/19";"Serbia";"AC Chievo Verona";"FK Rad Belgrado";"200 mila ";"200 mila  300 mila "
"Acquisto";"Sergej Grubac";"Punta centrale";"18";18/19";"Montenegro";"AC Chievo Verona";"APOEL U21";"100 mila ";"100 mila  200 mila "
"Acquisto";"Michael Fabbro";"Punta centrale";"22";18/19";"Italia";"AC Chievo Verona";"Bassano";"275 mila ";"275 mila  gratuito"
"Acquisto";"Emanuele Giaccherini";"Centrocampista di sinistra";"33";18/19";"Italia";"AC Chievo Verona";"Napoli";"1,00 mln ";"1,00 mln  gratuito"
"Acquisto";"Filip Djordjevic";"Punta centrale";"30";18/19";"Serbia";"AC Chievo Verona";"Lazio";"800 mila ";"800 mila  gratuito"
"Acquisto";"Giovanni Di Noia";"Centrale";"24";18/19";"Italia";"AC Chievo Verona";"Bari";"500 mila ";"500 mila  gratuito"
"Acquisto";"Adrian Semper";"Portiere";"20";18/19";"Croazia";"AC Chievo Verona";"Dinamo Zagabria";"800 mila ";"800 mila  Prestito"
"Acquisto";"Mauro Burruchaga";"Centrale";"20";18/19";"Argentina";"AC Chievo Verona";"River Plate II";"-";"- ?"
"Acquisto";"Luca Rossettini";"Difensore centrale";"33";18/19";"Italia";"AC Chievo Verona";"Genoa";"1,40 mln ";"1,40 mln  Prestito"
"Acquisto";"Lorenzo Sarini";"Portiere";"19";18/19";"Italia";"AC Chievo Verona";"Imolese";"75 mila ";"75 mila  Fine prestito 17/ago/2018"
"Acquisto";"Musa Juwara";"Ala sinistra";"16";18/19";"Gambia";"AC Chievo Verona";"Chievo U19";"-";"- -"
"Acquisto";"Martin Valjent";"Difensore centrale";"22";18/19";"Slovacchia";"AC Chievo Verona";"Ternana";"700 mila ";"700 mila  Fine prestito 30/giu/2018"
"Acquisto";"Davide Savi";"Difensore centrale";"22";18/19";"Italia";"AC Chievo Verona";"Renate";"50 mila ";"50 mila  Fine prestito 30/giu/2018"
"Acquisto";"Antonio Cinelli";"Centrale";"28";18/19";"Italia";"AC Chievo Verona";"Cremonese";"400 mila ";"400 mila  Fine prestito 30/giu/2018"
"Acquisto";"Lamin Jallow";"Punta centrale";"22";18/19";"Gambia";"AC Chievo Verona";"Cesena";"2,00 mln ";"2,00 mln  Fine prestito 30/giu/2018"
"Acquisto";"Sofian Kiyine";"Centrale";"20";18/19";"Marocco";"AC Chievo Verona";"Salernitana";"1,00 mln ";"1,00 mln  Fine prestito 30/giu/2018"
"Acquisto";"Filippo Damian";"Centrale";"22";18/19";"Italia";"AC Chievo Verona";"Siena";"200 mila ";"200 mila  Fine prestito 30/giu/2018"
"Acquisto";"Kevin Yamga";"Ala sinistra";"21";18/19";"Francia";"AC Chievo Verona";"Pescara";"250 mila ";"250 mila  Fine prestito 30/giu/2018"
"Acquisto";"Luca Di Minico";"Terzino sinistro";"19";18/19";"Italia";"AC Chievo Verona";"Nocerina";"50 mila ";"50 mila  Fine prestito 30/giu/2018"
"Acquisto";"Luca Garritano";"Ala sinistra";"24";18/19";"Italia";"AC Chievo Verona";"Carpi";"1,00 mln ";"1,00 mln  Fine prestito 30/giu/2018"
"Acquisto";"Gianni Manfrin";"Terzino sinistro";"24";18/19";"Italia";"AC Chievo Verona";"Reggiana";"175 mila ";"175 mila  Fine prestito 30/giu/2018"
"Acquisto";"Michele Troiani";"Terzino destro";"21";18/19";"Italia";"AC Chievo Verona";"Triestina";"200 mila ";"200 mila  Fine prestito 30/giu/2018"
"Acquisto";"Antonio Floro Flores";"Punta centrale";"35";18/19";"Italia";"AC Chievo Verona";"Bari";"300 mila ";"300 mila  Fine prestito 30/giu/2018"
"Acquisto";"Tommaso Polo";"Terzino destro";"20";18/19";"Italia";"AC Chievo Verona";"Prato";"75 mila ";"75 mila  Fine prestito 30/giu/2018"
"Acquisto";"Michele Rigione";"Difensore centrale";"27";18/19";"Italia";"AC Chievo Verona";"Ternana";"250 mila ";"250 mila  Fine prestito 30/giu/2018"
"Acquisto";"Radoslav Kirilov";"Ala sinistra";"26";18/19";"Bulgaria";"AC Chievo Verona";"OFK Pirin";"300 mila ";"300 mila  Fine prestito 30/giu/2018"
"Acquisto";"Damir Bartulovic";"Punta centrale";"22";18/19";"Slovenia";"AC Chievo Verona";"Mosta FC";"100 mila ";"100 mila  Fine prestito 30/giu/2018"
"Acquisto";"Ansoumana Sané";"Terzino sinistro";"22";18/19";"Senegal";"AC Chievo Verona";"Viterbese";"225 mila ";"225 mila  Fine prestito 30/giu/2018"
"Acquisto";"Giovanni Nuti";"Difensore centrale";"19";18/19";"Italia";"AC Chievo Verona";"Mosta FC";"50 mila ";"50 mila  Fine prestito 30/giu/2018"
"Acquisto";"Matteo Brunelli";"Portiere";"24";18/19";"Italia";"AC Chievo Verona";"Carpi";"100 mila ";"100 mila  Fine prestito 30/giu/2018"
"Acquisto";"Alessio Sestu";"Ala destra";"34";18/19";"Italia";"AC Chievo Verona";"Alessandria";"150 mila ";"150 mila  Fine prestito 30/giu/2018"
"Acquisto";"Alessandro Roma";"Terzino sinistro";"20";18/19";"Italia";"AC Chievo Verona";"Südtirol";"50 mila ";"50 mila  Fine prestito 30/giu/2018"
"Acquisto";"Yusupha Bobb";"Centrale";"22";18/19";"Gambia";"AC Chievo Verona";"Reggiana";"125 mila ";"125 mila  Fine prestito 30/giu/2018"
"Acquisto";"Davide Mansi";"Difensore centrale";"22";18/19";"Italia";"AC Chievo Verona";"Mosta FC";"50 mila ";"50 mila  Fine prestito 30/giu/2018"
"Acquisto";"Fabrizio Danese";"Difensore centrale";"23";18/19";"Italia";"AC Chievo Verona";"Akragas";"50 mila ";"50 mila  Fine prestito 30/giu/2018"
"Acquisto";"Nicolas Frey";"Terzino destro";"34";18/19";"Francia";"AC Chievo Verona";"Venezia";"200 mila ";"200 mila  Fine prestito 30/giu/2018"
"Acquisto";"Luca Baldassin";"Centrale";"24";18/19";"Italia";"AC Chievo Verona";"Viterbese";"275 mila ";"275 mila  Fine prestito 30/giu/2018"
"Acquisto";"Andrea Magrini";"Terzino destro";"20";18/19";"Italia";"AC Chievo Verona";"Ravenna";"125 mila ";"125 mila  Fine prestito 30/giu/2018"
"Acquisto";"Ali Sowe";"Punta centrale";"24";18/19";"Gambia";"AC Chievo Verona";"KF Skënderbeu";"700 mila ";"700 mila  Fine prestito 30/giu/2018"
"Cessione";"Lucas Castro";"Centrale";"29";18/19";"Argentina";"AC Chievo Verona";"Cagliari";"7,00 mln ";"7,00 mln  6,50 mln "
"Cessione";"Samuel Bastien";"Centrale";"21";18/19";"Belgio";"AC Chievo Verona";"Standard Liegi";"2,50 mln ";"2,50 mln  3,00 mln "
"Cessione";"Radoslav Kirilov";"Ala sinistra";"26";18/19";"Bulgaria";"AC Chievo Verona";"Vis Pesaro";"300 mila ";"300 mila  gratuito"
"Cessione";"Massimo Gobbi";"Terzino sinistro";"37";18/19";"Italia";"AC Chievo Verona";"Parma";"300 mila ";"300 mila  gratuito"
"Cessione";"Alessio Sestu";"Ala destra";"34";18/19";"Italia";"AC Chievo Verona";"Piacenza";"150 mila ";"150 mila  gratuito"
"Cessione";"Dario Dainelli";"Difensore centrale";"39";18/19";"Italia";"AC Chievo Verona";"Livorno";"300 mila ";"300 mila  gratuito"
"Cessione";"Davide Mansi";"Difensore centrale";"22";18/19";"Italia";"AC Chievo Verona";"QFC";"50 mila ";"50 mila  Prestito"
"Cessione";"Kevin Yamga";"Ala sinistra";"21";18/19";"Francia";"AC Chievo Verona";"LB Châteauroux";"250 mila ";"250 mila  Prestito"
"Cessione";"Damir Bartulovic";"Punta centrale";"22";18/19";"Slovenia";"AC Chievo Verona";"Albissola";"100 mila ";"100 mila  Prestito"
"Cessione";"Alessandro Confente";"Portiere";"20";18/19";"Italia";"AC Chievo Verona";"Reggina";"100 mila ";"100 mila  Prestito"
"Cessione";"Martin Valjent";"Difensore centrale";"22";18/19";"Slovacchia";"AC Chievo Verona";"RCD Mallorca";"700 mila ";"700 mila  Prestito"
"Cessione";"Giovanni Nuti";"Difensore centrale";"19";18/19";"Italia";"AC Chievo Verona";"Gubbio";"50 mila ";"50 mila  Prestito"
"Cessione";"Luca Di Minico";"Terzino sinistro";"20";18/19";"Italia";"AC Chievo Verona";"ASD Astrea";"50 mila ";"50 mila  ?"
"Cessione";"Giovanni Di Noia";"Centrale";"24";18/19";"Italia";"AC Chievo Verona";"Carpi";"500 mila ";"500 mila  Prestito"
"Cessione";"Luca Garritano";"Ala sinistra";"24";18/19";"Italia";"AC Chievo Verona";"Cosenza";"1,00 mln ";"1,00 mln  Prestito"
"Cessione";"Andrea Magrini";"Terzino destro";"20";18/19";"Italia";"AC Chievo Verona";"Pontedera";"125 mila ";"125 mila  Prestito"
"Cessione";"Michael Fabbro";"Punta centrale";"22";18/19";"Italia";"AC Chievo Verona";"Siena";"275 mila ";"275 mila  Prestito"
"Cessione";"Michele Troiani";"Terzino destro";"21";18/19";"Italia";"AC Chievo Verona";"Piacenza";"200 mila ";"200 mila  Prestito"
"Cessione";"Davide Savi";"Difensore centrale";"22";18/19";"Italia";"AC Chievo Verona";"Mosta FC";"50 mila ";"50 mila  Prestito"
"Cessione";"Filippo Damian";"Centrale";"22";18/19";"Italia";"AC Chievo Verona";"Siena";"200 mila ";"200 mila  ?"
"Cessione";"Ali Sowe";"Punta centrale";"24";18/19";"Gambia";"AC Chievo Verona";"CSKA Sofia";"700 mila ";"700 mila  Prestito"
"Cessione";"Yusupha Bobb";"Centrale";"22";18/19";"Gambia";"AC Chievo Verona";"Cuneo";"125 mila ";"125 mila  Prestito"
"Cessione";"Lamin Jallow";"Punta centrale";"22";18/19";"Gambia";"AC Chievo Verona";"Salernitana";"2,00 mln ";"2,00 mln  Prestito"
"Cessione";"Fabrizio Danese";"Difensore centrale";"23";18/19";"Italia";"AC Chievo Verona";"Arezzo";"50 mila ";"50 mila  ?"
"Cessione";"Lorenzo Sarini";"Portiere";"19";18/19";"Italia";"AC Chievo Verona";"RC Cesena";"75 mila ";"75 mila  Prestito"
"Cessione";"Ansoumana Sané";"Terzino sinistro";"22";18/19";"Senegal";"AC Chievo Verona";"Pro Patria";"225 mila ";"225 mila  Prestito"
"Cessione";"Antonio Floro Flores";"Punta centrale";"35";18/19";"Italia";"AC Chievo Verona";"-";"300 mila ";"300 mila  -"
"Cessione";"Gianni Manfrin";"Terzino sinistro";"24";18/19";"Italia";"AC Chievo Verona";"-";"175 mila ";"175 mila  -"
"Cessione";"Alessandro Gamberini";"Difensore centrale";"36";18/19";"Italia";"AC Chievo Verona";"-";"250 mila ";"250 mila  -"
"Cessione";"Gianluca Gaudino";"Centrale";"21";18/19";"Germania";"AC Chievo Verona";"-";"500 mila ";"500 mila  -"
"Cessione";"Mariusz Stepinski";"Punta centrale";"23";18/19";"Polonia";"AC Chievo Verona";"FC Nantes";"4,00 mln ";"4,00 mln  Fine prestito 30/giu/2018"
"Cessione";"Emanuele Giaccherini";"Centrocampista di sinistra";"33";18/19";"Italia";"AC Chievo Verona";"Napoli";"1,00 mln ";"1,00 mln  Fine prestito 30/giu/2018"
"Cessione";"Roberto Inglese";"Punta centrale";"26";18/19";"Italia";"AC Chievo Verona";"Napoli";"10,00 mln ";"10,00 mln  Fine prestito 30/giu/2018"
"Cessione";"Nenad Tomović";"Difensore centrale";"30";18/19";"Serbia";"AC Chievo Verona";"Fiorentina";"1,50 mln ";"1,50 mln  Fine prestito 30/giu/2018"
"Cessione";"Strahinja Tanasijevic";"Difensore centrale";"21";18/19";"Serbia";"AC Chievo Verona";"FK Rad Belgrado";"200 mila ";"200 mila  Fine prestito 30/giu/2018"
"Acquisto";"Antonino La Gumina";"Punta centrale";"22";18/19";"Italia";"Empoli FC";"Palermo";"2,00 mln ";"2,00 mln  9,00 mln "
"Acquisto";"Samuel Mraz";"Punta centrale";"21";18/19";"Slovacchia";"Empoli FC";"MSK Zilina";"650 mila ";"650 mila  1,50 mln "
"Acquisto";"Afriyie Acquah";"Centrale";"26";18/19";"Ghana";"Empoli FC";"Torino";"2,00 mln ";"2,00 mln  1,00 mln "
"Acquisto";"Jacob Rasmussen";"Difensore centrale";"21";18/19";"Danimarca";"Empoli FC";"Rosenborg BK";"1,00 mln ";"1,00 mln  1,00 mln "
"Acquisto";"Lorenzo Lollo";"Centrale";"27";18/19";"Italia";"Empoli FC";"Carpi";"700 mila ";"700 mila  800 mila "
"Acquisto";"Joel Untersee";"Terzino destro";"24";18/19";"Sudafrica";"Empoli FC";"Juventus";"1,00 mln ";"1,00 mln  500 mila "
"Acquisto";"Matías Silvestre";"Difensore centrale";"33";18/19";"Argentina";"Empoli FC";"Sampdoria";"1,50 mln ";"1,50 mln  gratuito"
"Acquisto";"Michal Marcjanik";"Difensore centrale";"23";18/19";"Polonia";"Empoli FC";"Arka Gdynia";"350 mila ";"350 mila  gratuito"
"Acquisto";"Vincenzo Plescia";"Punta centrale";"20";18/19";"Italia";"Empoli FC";"Palermo U19";"75 mila ";"75 mila  gratuito"
"Acquisto";"Andrea Fulignati";"Portiere";"23";18/19";"Italia";"Empoli FC";"RC Cesena";"500 mila ";"500 mila  gratuito"
"Acquisto";"Luca Antonelli";"Terzino sinistro";"31";18/19";"Italia";"Empoli FC";"Milan";"2,00 mln ";"2,00 mln  gratuito"
"Acquisto";"Massimiliano Benucci";"Mediano";"19";18/19";"Italia";"Empoli FC";"Arezzo";"75 mila ";"75 mila  ?"
"Acquisto";"Salih Ucan";"Trequartista";"24";18/19";"Turchia";"Empoli FC";"Fenerbahce";"2,00 mln ";"2,00 mln  Prestito"
"Acquisto";"Leonardo Capezzi";"Mediano";"23";18/19";"Italia";"Empoli FC";"Sampdoria";"1,20 mln ";"1,20 mln  Prestito"
"Acquisto";"Nikola Pejović";"Difensore centrale";"19";18/19";"Serbia";"Empoli FC";"Empoli U19";"75 mila ";"75 mila  -"
"Acquisto";"Alberto Picchi";"Centrale";"21";18/19";"Italia";"Empoli FC";"Cremonese";"300 mila ";"300 mila  Fine prestito 30/ago/2018"
"Acquisto";"Luca Bittante";"Terzino destro";"24";18/19";"Italia";"Empoli FC";"Carpi";"600 mila ";"600 mila  Fine prestito 30/giu/2018"
"Acquisto";"Ludovico Gargiulo";"Centrale";"23";18/19";"Italia";"Empoli FC";"Prato";"75 mila ";"75 mila  Fine prestito 30/giu/2018"
"Acquisto";"Alberto Pellegrini";"Portiere";"20";18/19";"Italia";"Empoli FC";"Montevarchi";"75 mila ";"75 mila  Fine prestito 30/giu/2018"
"Acquisto";"Davide Seminara";"Terzino sinistro";"19";18/19";"Italia";"Empoli FC";"Prato";"125 mila ";"125 mila  Fine prestito 30/giu/2018"
"Acquisto";"Vincent Laurini";"Terzino destro";"29";18/19";"Francia";"Empoli FC";"Fiorentina";"2,00 mln ";"2,00 mln  Fine prestito 30/giu/2018"
"Acquisto";"Roman Tchanturia";"Punta centrale";"22";18/19";"Georgia";"Empoli FC";"Lokomotivi";"150 mila ";"150 mila  Fine prestito 30/giu/2018"
"Acquisto";"Alessio Zini";"Difensore centrale";"20";18/19";"Italia";"Empoli FC";"Imolese";"25 mila ";"25 mila  Fine prestito 30/giu/2018"
"Acquisto";"Diego Borghini";"Difensore centrale";"21";18/19";"Italia";"Empoli FC";"Gavorrano";"175 mila ";"175 mila  Fine prestito 30/giu/2018"
"Acquisto";"Samuele Damiani";"Mediano";"20";18/19";"Italia";"Empoli FC";"Lucchese";"200 mila ";"200 mila  Fine prestito 30/giu/2018"
"Acquisto";"Davide Zappella";"Terzino destro";"20";18/19";"Italia";"Empoli FC";"Cuneo";"175 mila ";"175 mila  Fine prestito 30/giu/2018"
"Acquisto";"Arnel Jakupovic";"Punta centrale";"20";18/19";"Austria";"Empoli FC";"Juventus U19";"400 mila ";"400 mila  Fine prestito 30/giu/2018"
"Acquisto";"Riccardo Saponara";"Trequartista";"26";18/19";"Italia";"Empoli FC";"Fiorentina";"9,00 mln ";"9,00 mln  Fine prestito 30/giu/2018"
"Acquisto";"Marcel Büchel";"Centrale";"27";18/19";"Liechtenstein";"Empoli FC";"Verona";"1,00 mln ";"1,00 mln  Fine prestito 30/giu/2018"
"Acquisto";"Tommaso Fantacci";"Trequartista";"21";18/19";"Italia";"Empoli FC";"Prato";"125 mila ";"125 mila  Fine prestito 30/giu/2018"
"Acquisto";"Alberto Picchi";"Centrale";"20";18/19";"Italia";"Empoli FC";"Pistoiese";"300 mila ";"300 mila  Fine prestito 30/giu/2018"
"Acquisto";"Simone Romagnoli";"Difensore centrale";"28";18/19";"Italia";"Empoli FC";"Bologna";"1,50 mln ";"1,50 mln  Fine prestito 30/giu/2018"
"Cessione";"Riccardo Saponara";"Trequartista";"26";18/19";"Italia";"Empoli FC";"Fiorentina";"9,00 mln ";"9,00 mln  9,00 mln "
"Cessione";"Alfredo Donnarumma";"Punta centrale";"27";18/19";"Italia";"Empoli FC";"Brescia";"2,00 mln ";"2,00 mln  1,70 mln "
"Cessione";"Vincent Laurini";"Terzino destro";"29";18/19";"Francia";"Empoli FC";"Fiorentina";"2,00 mln ";"2,00 mln  1,60 mln "
"Cessione";"Tommaso Di Renzone";"Terzino destro";"19";18/19";"Italia";"Empoli FC";"San Donato";"25 mila ";"25 mila  Prestito"
"Cessione";"Emanuele Fenderico";"Portiere";"19";18/19";"Italia";"Empoli FC";"San Donato";"50 mila ";"50 mila  Prestito"
"Cessione";"Davide Zappella";"Terzino destro";"20";18/19";"Italia";"Empoli FC";"Arezzo";"175 mila ";"175 mila  Prestito"
"Cessione";"Alberto Picchi";"Centrale";"20";18/19";"Italia";"Empoli FC";"Cremonese";"300 mila ";"300 mila  Prestito"
"Cessione";"Alessandro Giacomel";"Portiere";"20";18/19";"Italia";"Empoli FC";"Virtus Verona";"75 mila ";"75 mila  Prestito"
"Cessione";"Simone Romagnoli";"Difensore centrale";"28";18/19";"Italia";"Empoli FC";"Brescia";"1,50 mln ";"1,50 mln  Prestito"
"Cessione";"Alberto Picchi";"Centrale";"21";18/19";"Italia";"Empoli FC";"Pistoiese";"300 mila ";"300 mila  Prestito"
"Cessione";"Davide Seminara";"Terzino sinistro";"20";18/19";"Italia";"Empoli FC";"Reggina";"125 mila ";"125 mila  Prestito"
"Cessione";"Vincenzo Plescia";"Punta centrale";"20";18/19";"Italia";"Empoli FC";"Gubbio";"75 mila ";"75 mila  Prestito"
"Cessione";"Tommaso Fantacci";"Trequartista";"21";18/19";"Italia";"Empoli FC";"Carpi";"125 mila ";"125 mila  Prestito"
"Cessione";"Diego Borghini";"Difensore centrale";"21";18/19";"Italia";"Empoli FC";"Arezzo";"175 mila ";"175 mila  ?"
"Cessione";"Alessandro Piu";"Ala sinistra";"21";18/19";"Italia";"Empoli FC";"Carpi";"600 mila ";"600 mila  Prestito"
"Cessione";"Massimiliano Benucci";"Mediano";"19";18/19";"Italia";"Empoli FC";"Arezzo";"75 mila ";"75 mila  Prestito"
"Cessione";"Samuele Damiani";"Mediano";"20";18/19";"Italia";"Empoli FC";"Viterbese";"200 mila ";"200 mila  Prestito"
"Cessione";"Marco Imperiale";"Terzino sinistro";"19";18/19";"Italia";"Empoli FC";"Siena";"150 mila ";"150 mila  Prestito"
"Cessione";"Roman Tchanturia";"Punta centrale";"22";18/19";"Georgia";"Empoli FC";"Senglea Ath.";"150 mila ";"150 mila  Prestito"
"Cessione";"Michele Castagnetti";"Mediano";"28";18/19";"Italia";"Empoli FC";"SPAL";"1,00 mln ";"1,00 mln  Fine prestito 30/giu/2018"
"Cessione";"Joel Untersee";"Terzino destro";"24";18/19";"Sudafrica";"Empoli FC";"Juventus";"1,00 mln ";"1,00 mln  Fine prestito 30/giu/2018"
"Cessione";"Lorenzo Lollo";"Centrale";"27";18/19";"Italia";"Empoli FC";"Carpi";"700 mila ";"700 mila  Fine prestito 30/giu/2018"
"Cessione";"Gabriel";"Portiere";"25";18/19";"Brasile";"Empoli FC";"Milan";"1,50 mln ";"1,50 mln  Fine prestito 30/giu/2018"
"Cessione";"Sebastiano Luperto";"Difensore centrale";"21";18/19";"Italia";"Empoli FC";"Napoli";"2,00 mln ";"2,00 mln  Fine prestito 30/giu/2018"
"Cessione";"Nikola Ninkovic";"Ala sinistra";"23";18/19";"Serbia";"Empoli FC";"Genoa";"800 mila ";"800 mila  Fine prestito 30/giu/2018"
"Acquisto";"Germán Pezzella";"Difensore centrale";"27";18/19";"Argentina";"ACF Fiorentina";"Real Betis";"13,00 mln ";"13,00 mln  9,00 mln "
"Acquisto";"Riccardo Saponara";"Trequartista";"26";18/19";"Italia";"ACF Fiorentina";"Empoli";"9,00 mln ";"9,00 mln  9,00 mln "
"Acquisto";"Alban Lafont";"Portiere";"19";18/19";"Francia";"ACF Fiorentina";"Tolosa";"18,00 mln ";"18,00 mln  8,50 mln "
"Acquisto";"Christian Nörgaard";"Mediano";"24";18/19";"Danimarca";"ACF Fiorentina";"Bröndby IF";"2,00 mln ";"2,00 mln  3,50 mln "
"Acquisto";"David Hancko";"Terzino sinistro";"20";18/19";"Slovacchia";"ACF Fiorentina";"MSK Zilina";"600 mila ";"600 mila  3,50 mln "
"Acquisto";"Federico Ceccherini";"Difensore centrale";"26";18/19";"Italia";"ACF Fiorentina";"Crotone";"2,80 mln ";"2,80 mln  3,00 mln "
"Acquisto";"Marko Pjaca";"Ala sinistra";"23";18/19";"Croazia";"ACF Fiorentina";"Juventus";"15,00 mln ";"15,00 mln  Spesa prestito: 2,00 mln "
"Acquisto";"Cristiano Biraghi";"Terzino sinistro";"25";18/19";"Italia";"ACF Fiorentina";"Pescara";"5,00 mln ";"5,00 mln  2,00 mln "
"Acquisto";"Vincent Laurini";"Terzino destro";"29";18/19";"Francia";"ACF Fiorentina";"Empoli";"2,00 mln ";"2,00 mln  1,60 mln "
"Acquisto";"Dusan Vlahovic";"Punta centrale";"18";18/19";"Serbia";"ACF Fiorentina";"Partizan";"1,00 mln ";"1,00 mln  1,50 mln "
"Acquisto";"Kevin Mirallas";"Ala destra";"30";18/19";"Belgio";"ACF Fiorentina";"Everton";"7,00 mln ";"7,00 mln  Spesa prestito: 500 mila "
"Acquisto";"Edimilson Fernandes";"Centrale";"22";18/19";"Svizzera";"ACF Fiorentina";"West Ham Utd.";"5,00 mln ";"5,00 mln  Prestito"
"Acquisto";"Gerson";"Centrale";"21";18/19";"Brasile";"ACF Fiorentina";"Roma";"10,00 mln ";"10,00 mln  Prestito"
"Acquisto";"Abdou Diakhate";"Centrale";"19";18/19";"Senegal";"ACF Fiorentina";"Fiorentina U19";"750 mila ";"750 mila  -"
"Acquisto";"Riccardo Sottil";"Ala sinistra";"19";18/19";"Italia";"ACF Fiorentina";"Fiorentina U19";"350 mila ";"350 mila  -"
"Acquisto";"Gilberto";"Terzino destro";"25";18/19";"Brasile";"ACF Fiorentina";"Fluminense";"1,50 mln ";"1,50 mln  Fine prestito 31/dic/2018"
"Acquisto";"Kevin Diks";"Terzino destro";"21";18/19";"Olanda";"ACF Fiorentina";"Feyenoord";"1,50 mln ";"1,50 mln  Fine prestito 30/giu/2018"
"Acquisto";"Martin Graiciar";"Punta centrale";"19";18/19";"Repubblica Ceca";"ACF Fiorentina";"Slovan Liberec";"800 mila ";"800 mila  Fine prestito 30/giu/2018"
"Acquisto";"Jaime Báez";"Punta centrale";"23";18/19";"Uruguay";"ACF Fiorentina";"Pescara";"700 mila ";"700 mila  Fine prestito 30/giu/2018"
"Acquisto";"Ante Rebic";"Ala sinistra";"24";18/19";"Croazia";"ACF Fiorentina";"E. Francoforte";"10,00 mln ";"10,00 mln  Fine prestito 30/giu/2018"
"Acquisto";"Joshua Pérez";"Ala destra";"20";18/19";"Stati Uniti";"ACF Fiorentina";"Livorno";"225 mila ";"225 mila  Fine prestito 30/giu/2018"
"Acquisto";"Rafik Zekhnini";"Ala sinistra";"20";18/19";"Norvegia";"ACF Fiorentina";"Rosenborg BK";"1,00 mln ";"1,00 mln  Fine prestito 30/giu/2018"
"Acquisto";"Luca Zanon";"Terzino sinistro";"21";18/19";"Italia";"ACF Fiorentina";"Ternana";"125 mila ";"125 mila  Fine prestito 30/giu/2018"
"Acquisto";"Riccardo Baroni";"Difensore centrale";"19";18/19";"Italia";"ACF Fiorentina";"Lucchese";"200 mila ";"200 mila  Fine prestito 30/giu/2018"
"Acquisto";"Andrés Schetino";"Mediano";"24";18/19";"Uruguay";"ACF Fiorentina";"Esbjerg fB";"300 mila ";"300 mila  Fine prestito 30/giu/2018"
"Acquisto";"Nenad Tomović";"Difensore centrale";"30";18/19";"Serbia";"ACF Fiorentina";"Chievo";"1,50 mln ";"1,50 mln  Fine prestito 30/giu/2018"
"Acquisto";"Carlos Sánchez";"Mediano";"32";18/19";"Colombia";"ACF Fiorentina";"Espanyol";"2,00 mln ";"2,00 mln  Fine prestito 30/giu/2018"
"Acquisto";"Lorenzo Venuti";"Terzino destro";"23";18/19";"Italia";"ACF Fiorentina";"Benevento";"1,50 mln ";"1,50 mln  Fine prestito 30/giu/2018"
"Acquisto";"Simone Minelli";"Ala sinistra";"21";18/19";"Italia";"ACF Fiorentina";"Trapani";"200 mila ";"200 mila  Fine prestito 30/giu/2018"
"Acquisto";"Nikola Kalinic";"Punta centrale";"30";18/19";"Croazia";"ACF Fiorentina";"Milan";"14,00 mln ";"14,00 mln  Fine prestito 30/giu/2018"
"Acquisto";"Marco Berardi";"Centrale";"22";18/19";"Italia";"ACF Fiorentina";"Südtirol";"75 mila ";"75 mila  Fine prestito 30/giu/2018"
"Acquisto";"Khouma Babacar";"Punta centrale";"25";18/19";"Senegal";"ACF Fiorentina";"Sassuolo";"8,00 mln ";"8,00 mln  Fine prestito 30/giu/2018"
"Cessione";"Nikola Kalinic";"Punta centrale";"30";18/19";"Croazia";"ACF Fiorentina";"Milan";"14,00 mln ";"14,00 mln  20,00 mln "
"Cessione";"Khouma Babacar";"Punta centrale";"25";18/19";"Senegal";"ACF Fiorentina";"Sassuolo";"8,00 mln ";"8,00 mln  9,00 mln "
"Cessione";"Bruno Gaspar";"Terzino destro";"25";18/19";"Portogallo";"ACF Fiorentina";"Sporting CP";"3,00 mln ";"3,00 mln  4,50 mln "
"Cessione";"Carlos Sánchez";"Mediano";"32";18/19";"Colombia";"ACF Fiorentina";"West Ham Utd.";"1,50 mln ";"1,50 mln  4,45 mln "
"Cessione";"Nenad Tomović";"Difensore centrale";"30";18/19";"Serbia";"ACF Fiorentina";"Chievo";"1,50 mln ";"1,50 mln  2,50 mln "
"Cessione";"Ante Rebic";"Ala sinistra";"24";18/19";"Croazia";"ACF Fiorentina";"E. Francoforte";"10,00 mln ";"10,00 mln  2,00 mln "
"Cessione";"Riccardo Saponara";"Trequartista";"26";18/19";"Italia";"ACF Fiorentina";"Sampdoria";"9,00 mln ";"9,00 mln  Spesa prestito: 2,00 mln "
"Cessione";"Edoardo Sarri";"Portiere";"19";18/19";"Italia";"ACF Fiorentina";"Pontedera";"50 mila ";"50 mila  gratuito"
"Cessione";"Joshua Pérez";"Ala destra";"20";18/19";"Stati Uniti";"ACF Fiorentina";"Los Angeles FC";"225 mila ";"225 mila  gratuito"
"Cessione";"Milan Badelj";"Mediano";"29";18/19";"Croazia";"ACF Fiorentina";"Lazio";"15,00 mln ";"15,00 mln  gratuito"
"Cessione";"Marco Berardi";"Centrale";"22";18/19";"Italia";"ACF Fiorentina";"Südtirol";"75 mila ";"75 mila  ?"
"Cessione";"Jaime Báez";"Punta centrale";"23";18/19";"Uruguay";"ACF Fiorentina";"Cosenza";"700 mila ";"700 mila  Prestito"
"Cessione";"Petko Hristov";"Difensore centrale";"19";18/19";"Bulgaria";"ACF Fiorentina";"Ternana";"800 mila ";"800 mila  Prestito"
"Cessione";"Luzayadio Bangu";"Centrale";"20";18/19";"RD del Congo";"ACF Fiorentina";"Matera";"350 mila ";"350 mila  Prestito"
"Cessione";"Sebastián Cristóforo";"Centrale";"25";18/19";"Uruguay";"ACF Fiorentina";"Getafe CF";"1,80 mln ";"1,80 mln  Prestito"
"Cessione";"Michele Cerofolini";"Portiere";"19";18/19";"Italia";"ACF Fiorentina";"Cosenza";"300 mila ";"300 mila  Prestito"
"Cessione";"Lorenzo Venuti";"Terzino destro";"23";18/19";"Italia";"ACF Fiorentina";"Lecce";"1,50 mln ";"1,50 mln  Prestito"
"Cessione";"Amidu Salifu";"Centrale";"25";18/19";"Ghana";"ACF Fiorentina";"Arezzo";"175 mila ";"175 mila  Prestito"
"Cessione";"Andrés Schetino";"Mediano";"24";18/19";"Uruguay";"ACF Fiorentina";"Cosenza";"300 mila ";"300 mila  Prestito"
"Cessione";"Luca Zanon";"Terzino sinistro";"22";18/19";"Italia";"ACF Fiorentina";"Siena";"125 mila ";"125 mila  Prestito"
"Cessione";"Rafik Zekhnini";"Ala sinistra";"20";18/19";"Norvegia";"ACF Fiorentina";"FC Twente";"700 mila ";"700 mila  Prestito"
"Cessione";"Marco Sportiello";"Portiere";"26";18/19";"Italia";"ACF Fiorentina";"Atalanta";"6,00 mln ";"6,00 mln  Fine prestito 30/giu/2018"
"Cessione";"Cristiano Biraghi";"Terzino sinistro";"25";18/19";"Italia";"ACF Fiorentina";"Pescara";"5,00 mln ";"5,00 mln  Fine prestito 30/giu/2018"
"Cessione";"Simone Lo Faso";"Seconda punta";"20";18/19";"Italia";"ACF Fiorentina";"Palermo";"1,00 mln ";"1,00 mln  Fine prestito 30/giu/2018"
"Cessione";"Gil Dias";"Ala destra";"21";18/19";"Portogallo";"ACF Fiorentina";"Monaco";"3,00 mln ";"3,00 mln  Fine prestito 30/giu/2018"
"Cessione";"Vincent Laurini";"Terzino destro";"29";18/19";"Francia";"ACF Fiorentina";"Empoli";"2,00 mln ";"2,00 mln  Fine prestito 30/giu/2018"
"Cessione";"Riccardo Saponara";"Trequartista";"26";18/19";"Italia";"ACF Fiorentina";"Empoli";"9,00 mln ";"9,00 mln  Fine prestito 30/giu/2018"
"Cessione";"Germán Pezzella";"Difensore centrale";"27";18/19";"Argentina";"ACF Fiorentina";"Real Betis";"13,00 mln ";"13,00 mln  Fine prestito 30/giu/2018"
"Cessione";"Diego Falcinelli";"Punta centrale";"27";18/19";"Italia";"ACF Fiorentina";"Sassuolo";"3,80 mln ";"3,80 mln  Fine prestito 30/giu/2018"
"Acquisto";"Andrea Beghetto";"Centrocampista di sinistra";"23";18/19";"Italia";"Frosinone Calcio";"Genoa";"900 mila ";"900 mila  1,50 mln "
"Acquisto";"Luka Krajnc";"Difensore centrale";"23";18/19";"Slovenia";"Frosinone Calcio";"Cagliari";"1,50 mln ";"1,50 mln  1,00 mln "
"Acquisto";"Raman Chibsah";"Centrale";"25";18/19";"Ghana";"Frosinone Calcio";"Benevento";"1,50 mln ";"1,50 mln  1,00 mln "
"Acquisto";"Francesco Bardi";"Portiere";"26";18/19";"Italia";"Frosinone Calcio";"Inter";"1,00 mln ";"1,00 mln  1,00 mln "
"Acquisto";"Marco Capuano";"Difensore centrale";"26";18/19";"Italia";"Frosinone Calcio";"Cagliari";"1,00 mln ";"1,00 mln  500 mila "
"Acquisto";"Nicola Citro";"Punta centrale";"29";18/19";"Italia";"Frosinone Calcio";"Trapani";"600 mila ";"600 mila  300 mila "
"Acquisto";"Cristian Molinaro";"Terzino sinistro";"34";18/19";"Italia";"Frosinone Calcio";"Torino";"300 mila ";"300 mila  gratuito"
"Acquisto";"Alessandro Iacobucci";"Portiere";"27";18/19";"Italia";"Frosinone Calcio";"Virtus Entella";"600 mila ";"600 mila  gratuito"
"Acquisto";"Joaquín Ardaiz";"Punta centrale";"19";18/19";"Uruguay";"Frosinone Calcio";"FC Chiasso";"1,50 mln ";"1,50 mln  Prestito"
"Acquisto";"Lorenzo Crisetig";"Mediano";"25";18/19";"Italia";"Frosinone Calcio";"Bologna";"1,70 mln ";"1,70 mln  Prestito"
"Acquisto";"Bartosz Salamon";"Difensore centrale";"27";18/19";"Polonia";"Frosinone Calcio";"SPAL";"1,40 mln ";"1,40 mln  Prestito"
"Acquisto";"Francesco Zampano";"Terzino destro";"24";18/19";"Italia";"Frosinone Calcio";"Pescara";"1,80 mln ";"1,80 mln  Prestito"
"Acquisto";"Andrea Pinamonti";"Punta centrale";"19";18/19";"Italia";"Frosinone Calcio";"Inter";"2,00 mln ";"2,00 mln  Prestito"
"Acquisto";"Marco Sportiello";"Portiere";"26";18/19";"Italia";"Frosinone Calcio";"Atalanta";"6,00 mln ";"6,00 mln  Prestito"
"Acquisto";"Paolo Ghiglione";"Terzino destro";"21";18/19";"Italia";"Frosinone Calcio";"Genoa";"1,30 mln ";"1,30 mln  Prestito"
"Acquisto";"Joel Campbell";"Ala destra";"26";18/19";"Costarica";"Frosinone Calcio";"FC Arsenal";"3,00 mln ";"3,00 mln  ?"
"Acquisto";"Francesco Cassata";"Centrale";"21";18/19";"Italia";"Frosinone Calcio";"Sassuolo";"3,50 mln ";"3,50 mln  Prestito"
"Acquisto";"Edoardo Goldaniga";"Difensore centrale";"24";18/19";"Italia";"Frosinone Calcio";"Sassuolo";"3,00 mln ";"3,00 mln  Prestito"
"Acquisto";"Emil Hallfredsson";"Centrale";"34";18/19";"Islanda";"Frosinone Calcio";"Udinese";"600 mila ";"600 mila  ?"
"Acquisto";"Rai Vloet";"Trequartista";"23";18/19";"Olanda";"Frosinone Calcio";"FC Chiasso";"600 mila ";"600 mila  ?"
"Acquisto";"Stipe Perica";"Punta centrale";"23";18/19";"Croazia";"Frosinone Calcio";"Udinese";"2,40 mln ";"2,40 mln  Prestito"
"Cessione";"Moussa Koné";"Centrale";"28";18/19";"Costa d'Avorio";"Frosinone Calcio";"BB Erzurumspor";"900 mila ";"900 mila  300 mila "
"Cessione";"Roberto Crivello";"Terzino sinistro";"26";18/19";"Italia";"Frosinone Calcio";"Spezia";"600 mila ";"600 mila  gratuito"
"Cessione";"Matteo Ciofani";"Terzino destro";"30";18/19";"Italia";"Frosinone Calcio";"Pescara";"1,00 mln ";"1,00 mln  ?"
"Cessione";"Mauro Vigorito";"Portiere";"28";18/19";"Italia";"Frosinone Calcio";"Lecce";"500 mila ";"500 mila  ?"
"Cessione";"Nicola Citro";"Punta centrale";"29";18/19";"Italia";"Frosinone Calcio";"Venezia";"600 mila ";"600 mila  Prestito"
"Cessione";"Michele Volpe";"Punta centrale";"20";18/19";"Italia";"Frosinone Calcio";"Rimini";"150 mila ";"150 mila  Prestito"
"Cessione";"Emanuele Terranova";"Difensore centrale";"31";18/19";"Italia";"Frosinone Calcio";"Cremonese";"900 mila ";"900 mila  ?"
"Cessione";"Alessandro Frara";"Mediano";"35";18/19";"Italia";"Frosinone Calcio";"-";"200 mila ";"200 mila  -"
"Cessione";"Adriano Russo";"Difensore centrale";"31";18/19";"Italia";"Frosinone Calcio";"-";"250 mila ";"250 mila  -"
"Cessione";"Massimo Zappino";"Portiere";"37";18/19";"Italia";"Frosinone Calcio";"-";"100 mila ";"100 mila  -"
"Cessione";"Andrea Beghetto";"Centrocampista di sinistra";"23";18/19";"Italia";"Frosinone Calcio";"Genoa";"900 mila ";"900 mila  Fine prestito 30/giu/2018"
"Cessione";"Luka Krajnc";"Difensore centrale";"23";18/19";"Slovenia";"Frosinone Calcio";"Cagliari";"1,50 mln ";"1,50 mln  Fine prestito 30/giu/2018"
"Cessione";"Raman Chibsah";"Centrale";"25";18/19";"Ghana";"Frosinone Calcio";"Benevento";"1,50 mln ";"1,50 mln  Fine prestito 30/giu/2018"
"Cessione";"Francesco Bardi";"Portiere";"26";18/19";"Italia";"Frosinone Calcio";"Inter";"1,00 mln ";"1,00 mln  Fine prestito 30/giu/2018"
"Cessione";"Nicola Citro";"Punta centrale";"29";18/19";"Italia";"Frosinone Calcio";"Trapani";"600 mila ";"600 mila  Fine prestito 30/giu/2018"
"Acquisto";"Gianluca Lapadula";"Punta centrale";"28";18/19";"Italia";"Genoa CFC";"Milan";"7,00 mln ";"7,00 mln  11,00 mln "
"Acquisto";"Federico Valietti";"Terzino destro";"19";18/19";"Italia";"Genoa CFC";"Inter";"500 mila ";"500 mila  7,50 mln "
"Acquisto";"Andrea Favilli";"Punta centrale";"21";18/19";"Italia";"Genoa CFC";"Juventus";"4,00 mln ";"4,00 mln  Spesa prestito: 5,00 mln "
"Acquisto";"Christian Kouamé";"Punta centrale";"20";18/19";"Costa d'Avorio";"Genoa CFC";"Cittadella";"2,80 mln ";"2,80 mln  5,00 mln "
"Acquisto";"Krzysztof Piatek";"Punta centrale";"23";18/19";"Polonia";"Genoa CFC";"Cracovia Kraków";"900 mila ";"900 mila  4,00 mln "
"Acquisto";"Claudio Spinelli";"Punta centrale";"21";18/19";"Argentina";"Genoa CFC";"Tigre";"4,00 mln ";"4,00 mln  3,60 mln "
"Acquisto";"Sandro";"Mediano";"29";18/19";"Brasile";"Genoa CFC";"Benevento";"2,50 mln ";"2,50 mln  2,30 mln "
"Acquisto";"Cristian Romero";"Difensore centrale";"20";18/19";"Argentina";"Genoa CFC";"Belgrano";"750 mila ";"750 mila  1,65 mln "
"Acquisto";"Ervin Zukanovic";"Difensore centrale";"31";18/19";"Bosnia-Erzegovina";"Genoa CFC";"Roma";"2,00 mln ";"2,00 mln  1,20 mln "
"Acquisto";"Luca Mazzitelli";"Centrale";"22";18/19";"Italia";"Genoa CFC";"Sassuolo";"1,80 mln ";"1,80 mln  Spesa prestito: 1,00 mln "
"Acquisto";"Koray Günter";"Difensore centrale";"23";18/19";"Germania";"Genoa CFC";"Galatasaray";"500 mila ";"500 mila  gratuito"
"Acquisto";"Domenico Criscito";"Terzino sinistro";"31";18/19";"Italia";"Genoa CFC";"Zenit";"4,00 mln ";"4,00 mln  gratuito"
"Acquisto";"Lorenzo Callegari";"Centrale";"20";18/19";"Francia";"Genoa CFC";"Paris SG B";"-";"- gratuito"
"Acquisto";"Rok Vodisek";"Portiere";"19";18/19";"Slovenia";"Genoa CFC";"NK Olimpia";"400 mila ";"400 mila  gratuito"
"Acquisto";"Rômulo";"Centrale";"31";18/19";"Italia";"Genoa CFC";"Verona";"3,00 mln ";"3,00 mln  gratuito"
"Acquisto";"Nicola Dalmonte";"Punta centrale";"20";18/19";"Italia";"Genoa CFC";"RC Cesena";"1,10 mln ";"1,10 mln  gratuito"
"Acquisto";"Federico Marchetti";"Portiere";"35";18/19";"Italia";"Genoa CFC";"Lazio";"800 mila ";"800 mila  gratuito"
"Acquisto";"Ivan Lakicevic";"Terzino destro";"24";18/19";"Serbia";"Genoa CFC";"Vojvodina";"500 mila ";"500 mila  gratuito"
"Acquisto";"Marcos Curado";"Difensore centrale";"23";18/19";"Argentina";"Genoa CFC";"Arsenal FC";"500 mila ";"500 mila  ?"
"Acquisto";"Esteban Rolón";"Mediano";"23";18/19";"Argentina";"Genoa CFC";"Málaga CF";"800 mila ";"800 mila  Prestito"
"Acquisto";"Luigi Carillo";"Difensore centrale";"21";18/19";"Italia";"Genoa CFC";"Pescara";"250 mila ";"250 mila  ?"
"Acquisto";"Fallou Njie";"Difensore centrale";"19";18/19";"Gambia";"Genoa CFC";"Chieri";"25 mila ";"25 mila  ?"
"Acquisto";"Andrei Radu";"Portiere";"21";18/19";"Romania";"Genoa CFC";"Inter";"3,00 mln ";"3,00 mln  Prestito"
"Acquisto";"Lisandro López";"Difensore centrale";"28";18/19";"Argentina";"Genoa CFC";"Benfica";"4,00 mln ";"4,00 mln  Prestito"
"Acquisto";"Marcos Curado";"Difensore centrale";"23";18/19";"Argentina";"Genoa CFC";"Avellino";"500 mila ";"500 mila  Fine prestito 08/ago/2018"
"Acquisto";"Luca Zanimacchia";"Ala destra";"19";18/19";"Italia";"Genoa CFC";"Genoa U19";"200 mila ";"200 mila  -"
"Acquisto";"Giacomo Lucarini";"Difensore centrale";"23";18/19";"Italia";"Genoa CFC";"Pro Piacenza";"25 mila ";"25 mila  Fine prestito 31/ago/2018"
"Acquisto";"Kevin Piscopo";"Seconda punta";"20";18/19";"Italia";"Genoa CFC";"Carrarese";"150 mila ";"150 mila  Fine prestito 30/giu/2018"
"Acquisto";"Alessandro Quaini";"Centrale";"19";18/19";"Italia";"Genoa CFC";"Racing Fondi";"150 mila ";"150 mila  Fine prestito 30/giu/2018"
"Acquisto";"Andrea Beghetto";"Centrocampista di sinistra";"23";18/19";"Italia";"Genoa CFC";"Frosinone";"900 mila ";"900 mila  Fine prestito 30/giu/2018"
"Acquisto";"Davide Brivio";"Terzino sinistro";"30";18/19";"Italia";"Genoa CFC";"Virtus Entella";"300 mila ";"300 mila  Fine prestito 30/giu/2018"
"Acquisto";"Riccardo Improta";"Ala sinistra";"24";18/19";"Italia";"Genoa CFC";"Bari";"1,10 mln ";"1,10 mln  Fine prestito 30/giu/2018"
"Acquisto";"Andrea Gulli";"Terzino destro";"20";18/19";"Italia";"Genoa CFC";"Albissola";"50 mila ";"50 mila  Fine prestito 30/giu/2018"
"Acquisto";"Francesco Corsinelli";"Centrocampista di sinistra";"20";18/19";"Italia";"Genoa CFC";"Pontedera";"175 mila ";"175 mila  Fine prestito 30/giu/2018"
"Acquisto";"Giuseppe Panico";"Seconda punta";"21";18/19";"Italia";"Genoa CFC";"Teramo";"450 mila ";"450 mila  Fine prestito 30/giu/2018"
"Acquisto";"Paolo Ghiglione";"Terzino destro";"21";18/19";"Italia";"Genoa CFC";"Pro Vercelli";"1,30 mln ";"1,30 mln  Fine prestito 30/giu/2018"
"Acquisto";"Giacomo Lucarini";"Difensore centrale";"23";18/19";"Italia";"Genoa CFC";"Ravenna";"25 mila ";"25 mila  Fine prestito 30/giu/2018"
"Acquisto";"Mariano Bernardini";"Centrale";"20";18/19";"Italia";"Genoa CFC";"Paganese";"50 mila ";"50 mila  Fine prestito 30/giu/2018"
"Acquisto";"Simone Tascone";"Centrale";"20";18/19";"Italia";"Genoa CFC";"Paganese";"225 mila ";"225 mila  Fine prestito 30/giu/2018"
"Acquisto";"Leonardo Morosini";"Trequartista";"22";18/19";"Italia";"Genoa CFC";"Avellino";"2,00 mln ";"2,00 mln  Fine prestito 30/giu/2018"
"Acquisto";"Raúl Asencio";"Punta centrale";"20";18/19";"Spagna";"Genoa CFC";"Avellino";"1,00 mln ";"1,00 mln  Fine prestito 30/giu/2018"
"Acquisto";"Davide Voltan";"Ala destra";"23";18/19";"Italia";"Genoa CFC";"Feralpisalò";"150 mila ";"150 mila  Fine prestito 30/giu/2018"
"Acquisto";"Francesco Renzetti";"Terzino sinistro";"30";18/19";"Italia";"Genoa CFC";"Cremonese";"750 mila ";"750 mila  Fine prestito 30/giu/2018"
"Acquisto";"Thomas Rodríguez";"Centrocampista di destra";"22";18/19";"Cile";"Genoa CFC";"Vitória Setúbal";"500 mila ";"500 mila  Fine prestito 30/giu/2018"
"Acquisto";"Michele Emmausso";"Ala destra";"20";18/19";"Italia";"Genoa CFC";"Siena";"75 mila ";"75 mila  Fine prestito 30/giu/2018"
"Acquisto";"Petar Brlek";"Centrale";"24";18/19";"Croazia";"Genoa CFC";"Wisla Cracovia";"1,50 mln ";"1,50 mln  Fine prestito 30/giu/2018"
"Acquisto";"Franco Ferrari";"Punta centrale";"22";18/19";"Italia";"Genoa CFC";"Pistoiese";"200 mila ";"200 mila  Fine prestito 30/giu/2018"
"Acquisto";"Marco Soprano";"Difensore centrale";"22";18/19";"Italia";"Genoa CFC";"Fano";"50 mila ";"50 mila  Fine prestito 30/giu/2018"
"Acquisto";"Bartosz Wolski";"Centrale";"21";18/19";"Polonia";"Genoa CFC";"Bytovia Bytow";"75 mila ";"75 mila  Fine prestito 30/giu/2018"
"Acquisto";"Nikola Ninkovic";"Ala sinistra";"23";18/19";"Serbia";"Genoa CFC";"Empoli";"800 mila ";"800 mila  Fine prestito 30/giu/2018"
"Acquisto";"Marco Albertoni";"Portiere";"22";18/19";"Italia";"Genoa CFC";"Lucchese";"200 mila ";"200 mila  Fine prestito 30/giu/2018"
"Acquisto";"Riccardo Fiamozzi";"Terzino destro";"25";18/19";"Italia";"Genoa CFC";"Pescara";"750 mila ";"750 mila  Fine prestito 30/giu/2018"
"Acquisto";"Mario Ierardi";"Terzino destro";"20";18/19";"Italia";"Genoa CFC";"Ravenna";"100 mila ";"100 mila  Fine prestito 30/giu/2018"
"Acquisto";"Falou Samb";"Seconda punta";"21";18/19";"Senegal";"Genoa CFC";"Reggina";"125 mila ";"125 mila  Fine prestito 30/giu/2018"
"Cessione";"Diego Laxalt";"Centrocampista di sinistra";"25";18/19";"Uruguay";"Genoa CFC";"Milan";"18,00 mln ";"18,00 mln  14,00 mln "
"Cessione";"Mattia Perin";"Portiere";"25";18/19";"Italia";"Genoa CFC";"Juventus";"16,00 mln ";"16,00 mln  12,00 mln "
"Cessione";"Armando Izzo";"Difensore centrale";"26";18/19";"Italia";"Genoa CFC";"Torino";"8,50 mln ";"8,50 mln  8,00 mln "
"Cessione";"Andrea Beghetto";"Centrocampista di sinistra";"23";18/19";"Italia";"Genoa CFC";"Frosinone";"900 mila ";"900 mila  1,50 mln "
"Cessione";"Leonardo Morosini";"Trequartista";"22";18/19";"Italia";"Genoa CFC";"Brescia";"2,00 mln ";"2,00 mln  1,00 mln "
"Cessione";"Francesco Renzetti";"Terzino sinistro";"30";18/19";"Italia";"Genoa CFC";"Cremonese";"750 mila ";"750 mila  400 mila "
"Cessione";"Francesco Migliore";"Terzino sinistro";"30";18/19";"Italia";"Genoa CFC";"Cremonese";"800 mila ";"800 mila  400 mila "
"Cessione";"David Milinkovic";"Ala sinistra";"24";18/19";"Francia";"Genoa CFC";"Hull City";"400 mila ";"400 mila  300 mila "
"Cessione";"Eugenio Lamanna";"Portiere";"28";18/19";"Italia";"Genoa CFC";"Spezia";"1,00 mln ";"1,00 mln  300 mila "
"Cessione";"Bartosz Wolski";"Centrale";"21";18/19";"Polonia";"Genoa CFC";"Bytovia Bytow";"100 mila ";"100 mila  gratuito"
"Cessione";"Luca Rigoni";"Centrale";"33";18/19";"Italia";"Genoa CFC";"Parma";"1,00 mln ";"1,00 mln  gratuito"
"Cessione";"Isaac Cofie";"Centrale";"26";18/19";"Ghana";"Genoa CFC";"Sporting Gijón";"1,00 mln ";"1,00 mln  gratuito"
"Cessione";"Petar Brlek";"Centrale";"24";18/19";"Croazia";"Genoa CFC";"FC Lugano";"1,25 mln ";"1,25 mln  Prestito"
"Cessione";"Loïck Landre";"Difensore centrale";"26";18/19";"Francia";"Genoa CFC";"Nîmes Olympique";"200 mila ";"200 mila  gratuito"
"Cessione";"Falou Samb";"Seconda punta";"21";18/19";"Senegal";"Genoa CFC";"Mosta FC";"125 mila ";"125 mila  gratuito"
"Cessione";"Santiago Gentiletti";"Difensore centrale";"33";18/19";"Argentina";"Genoa CFC";"Albacete";"200 mila ";"200 mila  gratuito"
"Cessione";"Giuseppe Panico";"Seconda punta";"21";18/19";"Italia";"Genoa CFC";"Cittadella";"450 mila ";"450 mila  gratuito"
"Cessione";"Riccardo Improta";"Ala sinistra";"24";18/19";"Italia";"Genoa CFC";"Benevento";"1,10 mln ";"1,10 mln  gratuito"
"Cessione";"Nikola Ninkovic";"Ala sinistra";"23";18/19";"Serbia";"Genoa CFC";"Ascoli";"800 mila ";"800 mila  ?"
"Cessione";"Lorenzo Callegari";"Centrale";"20";18/19";"Francia";"Genoa CFC";"Ternana";"500 mila ";"500 mila  Prestito"
"Cessione";"Marco Albertoni";"Portiere";"22";18/19";"Italia";"Genoa CFC";"Albissola";"200 mila ";"200 mila  Prestito"
"Cessione";"Marcos Curado";"Difensore centrale";"23";18/19";"Argentina";"Genoa CFC";"Avellino";"500 mila ";"500 mila  Prestito"
"Cessione";"Michele Emmausso";"Ala destra";"20";18/19";"Italia";"Genoa CFC";"Reggina";"75 mila ";"75 mila  Prestito"
"Cessione";"Claudio Spinelli";"Punta centrale";"21";18/19";"Argentina";"Genoa CFC";"Crotone";"4,00 mln ";"4,00 mln  Prestito"
"Cessione";"Alessandro Quaini";"Centrale";"19";18/19";"Italia";"Genoa CFC";"Pro Piacenza";"150 mila ";"150 mila  Prestito"
"Cessione";"Simone Tascone";"Centrale";"20";18/19";"Italia";"Genoa CFC";"Pescara";"225 mila ";"225 mila  ?"
"Cessione";"Andrej Galabinov";"Punta centrale";"29";18/19";"Bulgaria";"Genoa CFC";"Spezia";"1,20 mln ";"1,20 mln  ?"
"Cessione";"Andrea Gulli";"";"";18/19";"-";"Genoa CFC";"-";"";""
